-- phpMyAdmin SQL Dump
-- version 4.0.10deb1
-- http://www.phpmyadmin.net
--
-- Máquina: localhost
-- Data de Criação: 23-Out-2015 às 10:55
-- Versão do servidor: 5.5.44-0ubuntu0.14.04.1
-- versão do PHP: 5.5.9-1ubuntu4.13

SET SQL_MODE = "NO_AUTO_VALUE_ON_ZERO";
SET time_zone = "+00:00";


/*!40101 SET @OLD_CHARACTER_SET_CLIENT=@@CHARACTER_SET_CLIENT */;
/*!40101 SET @OLD_CHARACTER_SET_RESULTS=@@CHARACTER_SET_RESULTS */;
/*!40101 SET @OLD_COLLATION_CONNECTION=@@COLLATION_CONNECTION */;
/*!40101 SET NAMES utf8 */;

--
-- Base de Dados: `db_fast`
--

-- --------------------------------------------------------

--
-- Estrutura da tabela `ci_sessions`
--

CREATE TABLE IF NOT EXISTS `ci_sessions` (
  `id` varchar(40) NOT NULL,
  `ip_address` varchar(45) NOT NULL,
  `timestamp` int(10) unsigned NOT NULL DEFAULT '0',
  `data` blob NOT NULL,
  PRIMARY KEY (`id`),
  KEY `ci_sessions_timestamp` (`timestamp`)
) ENGINE=InnoDB DEFAULT CHARSET=latin1;

--
-- Extraindo dados da tabela `ci_sessions`
--

INSERT INTO `ci_sessions` (`id`, `ip_address`, `timestamp`, `data`) VALUES
('016c0c517e8604bac2305d1ddfe9c1c37f39526f', '127.0.0.1', 1444754156, 0x5f5f63695f6c6173745f726567656e65726174657c693a313434343735343038343b7573756172696f7c733a323a223130223b73656e68617c733a31343a2266756e63696f6e6172696f2e3032223b7374617475737c733a313a2231223b7469706f7c733a313a2232223b6c6f6761646f7c623a313b),
('01f63a619fe61644eb26b6c378f3c64307241c11', '127.0.0.1', 1444852672, 0x5f5f63695f6c6173745f726567656e65726174657c693a313434343835323337353b7573756172696f7c733a323a223130223b73656e68617c733a31343a2266756e63696f6e6172696f2e3032223b7374617475737c733a313a2231223b7469706f7c733a313a2232223b6c6f6761646f7c623a313b),
('0246e304dce2c390dee9047843bca4f4056164c7', '127.0.0.1', 1445094117, 0x5f5f63695f6c6173745f726567656e65726174657c693a313434353039343131373b7573756172696f7c733a323a223130223b73656e68617c733a31343a2266756e63696f6e6172696f2e3032223b7374617475737c733a313a2231223b7469706f7c733a313a2232223b6c6f6761646f7c623a313b),
('0254b65366d899cfc6aeb9053febf5e829a63393', '127.0.0.1', 1444943922, 0x5f5f63695f6c6173745f726567656e65726174657c693a313434343934333632353b7573756172696f7c733a323a223130223b73656e68617c733a31343a2266756e63696f6e6172696f2e3032223b7374617475737c733a313a2231223b7469706f7c733a313a2232223b6c6f6761646f7c623a313b6f6b7c733a32383a2253746174757320616c74657261646f20636f6d207375636573736f21223b5f5f63695f766172737c613a313a7b733a323a226f6b223b733a333a226f6c64223b7d),
('035d0a455b11fdc4c88ac39bda8c7ded1953cca2', '127.0.0.1', 1444856954, 0x5f5f63695f6c6173745f726567656e65726174657c693a313434343835363637343b7573756172696f7c733a323a223130223b73656e68617c733a31343a2266756e63696f6e6172696f2e3032223b7374617475737c733a313a2231223b7469706f7c733a313a2232223b6c6f6761646f7c623a313b),
('0542741e3fb6a2142505eecd7f67747066408509', '127.0.0.1', 1444667005, 0x5f5f63695f6c6173745f726567656e65726174657c693a313434343636363730383b7573756172696f7c733a323a223130223b73656e68617c733a31343a2266756e63696f6e6172696f2e3032223b7374617475737c733a313a2231223b7469706f7c733a313a2232223b6c6f6761646f7c623a313b),
('06457d6550ed64b2eeb701dba6cb62250ac312e4', '127.0.0.1', 1444876893, 0x5f5f63695f6c6173745f726567656e65726174657c693a313434343837363630393b7573756172696f7c733a323a223130223b73656e68617c733a31343a2266756e63696f6e6172696f2e3032223b7374617475737c733a313a2231223b7469706f7c733a313a2232223b6c6f6761646f7c623a313b),
('06466f088b90af372714b646d8f941ab4431c23c', '127.0.0.1', 1443291725, 0x5f5f63695f6c6173745f726567656e65726174657c693a313434333239313631393b7573756172696f7c733a313a2239223b73656e68617c733a31343a2266756e63696f6e6172696f2e3031223b7374617475737c733a313a2231223b7469706f7c733a313a2231223b6c6f6761646f7c623a313b),
('068f693f64c03f85f39ec2b32d7a2643c14c1394', '127.0.0.1', 1443376785, 0x5f5f63695f6c6173745f726567656e65726174657c693a313434333337363439353b7573756172696f7c733a313a2239223b73656e68617c733a31343a2266756e63696f6e6172696f2e3031223b7374617475737c733a313a2231223b7469706f7c733a313a2231223b6c6f6761646f7c623a313b),
('069aa46050142beba9409b666e9f068b74d15746', '127.0.0.1', 1445365407, 0x5f5f63695f6c6173745f726567656e65726174657c693a313434353336353130393b7573756172696f7c733a313a2239223b73656e68617c733a31343a2266756e63696f6e6172696f2e3031223b7374617475737c733a313a2231223b7469706f7c733a313a2231223b6c6f6761646f7c623a313b6572726f7c733a34303a2241205155414e5449444144452074656d2071756520736572206d61696f7220717565207a65726f21223b5f5f63695f766172737c613a313a7b733a343a226572726f223b733a333a226f6c64223b7d),
('08d110dcc8a269c4738a862dcd6c915843e11f1e', '127.0.0.1', 1444765926, 0x5f5f63695f6c6173745f726567656e65726174657c693a313434343736353633393b7573756172696f7c733a323a223130223b73656e68617c733a31343a2266756e63696f6e6172696f2e3032223b7374617475737c733a313a2231223b7469706f7c733a313a2232223b6c6f6761646f7c623a313b),
('0a43471e2ceb1b55ebe1e2918cf2d79ae6bdfde6', '127.0.0.1', 1444765580, 0x5f5f63695f6c6173745f726567656e65726174657c693a313434343736353331343b7573756172696f7c733a323a223130223b73656e68617c733a31343a2266756e63696f6e6172696f2e3032223b7374617475737c733a313a2231223b7469706f7c733a313a2232223b6c6f6761646f7c623a313b),
('0a8e7969ed3cab27bfabede9df6e4871dabe27fb', '127.0.0.1', 1444942604, 0x5f5f63695f6c6173745f726567656e65726174657c693a313434343934323630343b7573756172696f7c733a323a223130223b73656e68617c733a31343a2266756e63696f6e6172696f2e3032223b7374617475737c733a313a2231223b7469706f7c733a313a2232223b6c6f6761646f7c623a313b),
('0b3e4f6ab7add8b6c395621b74c283292b8c54a0', '127.0.0.1', 1445000615, 0x5f5f63695f6c6173745f726567656e65726174657c693a313434353030303332363b7573756172696f7c733a323a223130223b73656e68617c733a31343a2266756e63696f6e6172696f2e3032223b7374617475737c733a313a2231223b7469706f7c733a313a2232223b6c6f6761646f7c623a313b),
('0b43103612d36e5dcfd8588b4bd5b8f18f57e12b', '127.0.0.1', 1443280186, 0x5f5f63695f6c6173745f726567656e65726174657c693a313434333237393839333b7573756172696f7c733a313a2239223b73656e68617c733a31343a2266756e63696f6e6172696f2e3031223b7374617475737c733a313a2231223b7469706f7c733a313a2231223b6c6f6761646f7c623a313b6f6b7c733a33343a224e6f76612073656e6861206361646173747261646120636f6d207375636573736f21223b5f5f63695f766172737c613a313a7b733a323a226f6b223b733a333a226e6577223b7d),
('0b67ad9d2621f36336a5e0d45d4e67eada31e6b5', '127.0.0.1', 1445133050, 0x5f5f63695f6c6173745f726567656e65726174657c693a313434353133323831383b7573756172696f7c733a323a223130223b73656e68617c733a31343a2266756e63696f6e6172696f2e3032223b7374617475737c733a313a2231223b7469706f7c733a313a2232223b6c6f6761646f7c623a313b),
('0bb8a1e987c06cc3cf800e35b2c6d1ad03375c78', '127.0.0.1', 1445446778, 0x5f5f63695f6c6173745f726567656e65726174657c693a313434353434363735323b7573756172696f7c733a323a223130223b73656e68617c733a31343a2266756e63696f6e6172696f2e3032223b7374617475737c733a313a2231223b7469706f7c733a313a2232223b6c6f6761646f7c623a313b6f6b7c733a32383a2253746174757320616c74657261646f20636f6d207375636573736f21223b5f5f63695f766172737c613a313a7b733a323a226f6b223b733a333a226f6c64223b7d),
('0c1db6826a69e0867172fc12e80384733d0f937d', '127.0.0.1', 1445128451, 0x5f5f63695f6c6173745f726567656e65726174657c693a313434353132383230373b7573756172696f7c733a323a223130223b73656e68617c733a31343a2266756e63696f6e6172696f2e3032223b7374617475737c733a313a2231223b7469706f7c733a313a2232223b6c6f6761646f7c623a313b6f6b7c733a32363a224974656d20696e73657269646f20636f6d207375636573736f21223b5f5f63695f766172737c613a313a7b733a323a226f6b223b733a333a226e6577223b7d),
('0d34018e6967e4347838bf7ff37ac7b14bbe7dc4', '127.0.0.1', 1445018608, 0x5f5f63695f6c6173745f726567656e65726174657c693a313434353031383330393b7573756172696f7c733a323a223130223b73656e68617c733a31343a2266756e63696f6e6172696f2e3032223b7374617475737c733a313a2231223b7469706f7c733a313a2232223b6c6f6761646f7c623a313b6572726f7c733a32383a224e6f74612046697363616c206ec3a36f20656e636f6e747261646121223b5f5f63695f766172737c613a313a7b733a343a226572726f223b733a333a226f6c64223b7d),
('0f0ad60179a0ed67f0171c13b07ca5b05687714b', '127.0.0.1', 1444959825, 0x5f5f63695f6c6173745f726567656e65726174657c693a313434343935393832353b7573756172696f7c733a323a223130223b73656e68617c733a31343a2266756e63696f6e6172696f2e3032223b7374617475737c733a313a2231223b7469706f7c733a313a2232223b6c6f6761646f7c623a313b),
('0f46b82f50a247743fc003646eb139ff1c8b9473', '127.0.0.1', 1445114978, 0x5f5f63695f6c6173745f726567656e65726174657c693a313434353131343837353b7573756172696f7c733a323a223130223b73656e68617c733a31343a2266756e63696f6e6172696f2e3032223b7374617475737c733a313a2231223b7469706f7c733a313a2232223b6c6f6761646f7c623a313b),
('0f60dfc0a6277338509e29f73819a5b6228dcd0c', '127.0.0.1', 1443893296, 0x5f5f63695f6c6173745f726567656e65726174657c693a313434333839333130343b7573756172696f7c733a313a2239223b73656e68617c733a31343a2266756e63696f6e6172696f2e3031223b7374617475737c733a313a2231223b7469706f7c733a313a2231223b6c6f6761646f7c623a313b),
('104fda19f734fb86664c638f5e300b3fbb43d234', '127.0.0.1', 1444097626, 0x5f5f63695f6c6173745f726567656e65726174657c693a313434343039373336303b7573756172696f7c733a313a2239223b73656e68617c733a31343a2266756e63696f6e6172696f2e3031223b7374617475737c733a313a2231223b7469706f7c733a313a2231223b6c6f6761646f7c623a313b),
('109a7df1e36a281d8dab07d4a7d06da5458d42ac', '127.0.0.1', 1445126734, 0x5f5f63695f6c6173745f726567656e65726174657c693a313434353132363433373b7573756172696f7c733a323a223130223b73656e68617c733a31343a2266756e63696f6e6172696f2e3032223b7374617475737c733a313a2231223b7469706f7c733a313a2232223b6c6f6761646f7c623a313b6572726f7c733a32383a224e6f74612046697363616c206ec3a36f20656e636f6e747261646121223b5f5f63695f766172737c613a313a7b733a343a226572726f223b733a333a226f6c64223b7d),
('119b89030dfa90f0ad3cb76a54916a868c452b90', '127.0.0.1', 1443295243, 0x5f5f63695f6c6173745f726567656e65726174657c693a313434333239343939333b7573756172696f7c733a313a2239223b73656e68617c733a31343a2266756e63696f6e6172696f2e3031223b7374617475737c733a313a2231223b7469706f7c733a313a2231223b6c6f6761646f7c623a313b),
('11a96c7ab0c90bc5f545e5b24c823623875b1c82', '127.0.0.1', 1443635944, 0x5f5f63695f6c6173745f726567656e65726174657c693a313434333633353931393b7573756172696f7c733a313a2239223b73656e68617c733a31343a2266756e63696f6e6172696f2e3031223b7374617475737c733a313a2231223b7469706f7c733a313a2231223b6c6f6761646f7c623a313b),
('120298603ac8f9ac62a859b5effb0eb37bf73924', '127.0.0.1', 1445109475, 0x5f5f63695f6c6173745f726567656e65726174657c693a313434353130393431363b7573756172696f7c733a323a223130223b73656e68617c733a31343a2266756e63696f6e6172696f2e3032223b7374617475737c733a313a2231223b7469706f7c733a313a2232223b6c6f6761646f7c623a313b6572726f7c733a32383a224e6f74612046697363616c206ec3a36f20656e636f6e747261646121223b5f5f63695f766172737c613a313a7b733a343a226572726f223b733a333a226f6c64223b7d),
('132446947be4a14cf2c81f11d944cdb70996d073', '127.0.0.1', 1445544136, 0x5f5f63695f6c6173745f726567656e65726174657c693a313434353534343133353b),
('134768d4b51be8d82e37f3b71800d25956252553', '127.0.0.1', 1443281982, 0x5f5f63695f6c6173745f726567656e65726174657c693a313434333238313938313b7573756172696f7c733a313a2239223b73656e68617c733a31343a2266756e63696f6e6172696f2e3031223b7374617475737c733a313a2231223b7469706f7c733a313a2231223b6c6f6761646f7c623a313b),
('136c6294a65811c48f0b5f3b633a13d394957952', '127.0.0.1', 1444961185, 0x5f5f63695f6c6173745f726567656e65726174657c693a313434343936303930383b7573756172696f7c733a323a223130223b73656e68617c733a31343a2266756e63696f6e6172696f2e3032223b7374617475737c733a313a2231223b7469706f7c733a313a2232223b6c6f6761646f7c623a313b),
('147f2c41d535ccecdd2ffd56b748c15fefce689c', '127.0.0.1', 1444093421, 0x5f5f63695f6c6173745f726567656e65726174657c693a313434343039333135323b7573756172696f7c733a313a2239223b73656e68617c733a31343a2266756e63696f6e6172696f2e3031223b7374617475737c733a313a2231223b7469706f7c733a313a2231223b6c6f6761646f7c623a313b),
('154e4915e9c5b54190bfa20169b8101ebe1adf8c', '127.0.0.1', 1444668433, 0x5f5f63695f6c6173745f726567656e65726174657c693a313434343636383134313b7573756172696f7c733a323a223130223b73656e68617c733a31343a2266756e63696f6e6172696f2e3032223b7374617475737c733a313a2231223b7469706f7c733a313a2232223b6c6f6761646f7c623a313b6f6b7c733a32373a2253746174757320616c74657261646f20636f6d207375636573736f223b5f5f63695f766172737c613a313a7b733a323a226f6b223b733a333a226f6c64223b7d),
('15816c4eac29841fa2ebdd4dd2a65188be1dac4e', '127.0.0.1', 1443893957, 0x5f5f63695f6c6173745f726567656e65726174657c693a313434333839333731373b7573756172696f7c733a313a2239223b73656e68617c733a31343a2266756e63696f6e6172696f2e3031223b7374617475737c733a313a2231223b7469706f7c733a313a2231223b6c6f6761646f7c623a313b6f6b7c733a32333a224361646173747261646f20636f6d207375636573736f21223b5f5f63695f766172737c613a313a7b733a323a226f6b223b733a333a226f6c64223b7d),
('16200b4274087e6479fa0108bb2c6f2f126100b4', '127.0.0.1', 1445194368, 0x5f5f63695f6c6173745f726567656e65726174657c693a313434353139343135333b7573756172696f7c733a323a223130223b73656e68617c733a31343a2266756e63696f6e6172696f2e3032223b7374617475737c733a313a2231223b7469706f7c733a313a2232223b6c6f6761646f7c623a313b),
('1657fa29f8518367a8564a750c337b905f59f504', '127.0.0.1', 1445133726, 0x5f5f63695f6c6173745f726567656e65726174657c693a313434353133333433363b7573756172696f7c733a323a223130223b73656e68617c733a31343a2266756e63696f6e6172696f2e3032223b7374617475737c733a313a2231223b7469706f7c733a313a2232223b6c6f6761646f7c623a313b),
('169942033ded009489d90c1aa6c754480bdc4d66', '127.0.0.1', 1445000596, 0x5f5f63695f6c6173745f726567656e65726174657c693a313434353030303539363b),
('16b2e39e972eb206e3de40a108ca3266bae2c393', '127.0.0.1', 1444014957, 0x5f5f63695f6c6173745f726567656e65726174657c693a313434343031343730343b7573756172696f7c733a313a2239223b73656e68617c733a31343a2266756e63696f6e6172696f2e3031223b7374617475737c733a313a2231223b7469706f7c733a313a2231223b6c6f6761646f7c623a313b6f6b7c733a32333a224361646173747261646f20636f6d207375636573736f21223b5f5f63695f766172737c613a313a7b733a323a226f6b223b733a333a226f6c64223b7d),
('1798f04369c647d18b77e328d30bf0287a7cc671', '127.0.0.1', 1445127482, 0x5f5f63695f6c6173745f726567656e65726174657c693a313434353132373234393b7573756172696f7c733a323a223130223b73656e68617c733a31343a2266756e63696f6e6172696f2e3032223b7374617475737c733a313a2231223b7469706f7c733a313a2232223b6c6f6761646f7c623a313b6f6b7c733a32363a224974656d20696e73657269646f20636f6d207375636573736f21223b5f5f63695f766172737c613a313a7b733a323a226f6b223b733a333a226f6c64223b7d),
('191145f1bd0eba9eb1c468297e4531ad57c8a590', '127.0.0.1', 1443640317, 0x5f5f63695f6c6173745f726567656e65726174657c693a313434333634303131323b7573756172696f7c733a313a2239223b73656e68617c733a31343a2266756e63696f6e6172696f2e3031223b7374617475737c733a313a2231223b7469706f7c733a313a2231223b6c6f6761646f7c623a313b),
('19970305055d3c6f620996cd36a1499391445310', '127.0.0.1', 1445366042, 0x5f5f63695f6c6173745f726567656e65726174657c693a313434353336353830333b7573756172696f7c733a313a2239223b73656e68617c733a31343a2266756e63696f6e6172696f2e3031223b7374617475737c733a313a2231223b7469706f7c733a313a2231223b6c6f6761646f7c623a313b6f6b7c733a32333a224361646173747261646f20636f6d207375636573736f21223b5f5f63695f766172737c613a313a7b733a323a226f6b223b733a333a226f6c64223b7d),
('1aba150f1c93b7b0a90c18243210ab72d1120bab', '127.0.0.1', 1443200663, 0x5f5f63695f6c6173745f726567656e65726174657c693a313434333230303636333b),
('1accc2d5c5ce1f6139ed432a92ed29c101cced0c', '127.0.0.1', 1443577974, 0x5f5f63695f6c6173745f726567656e65726174657c693a313434333537373937343b7573756172696f7c733a313a2239223b73656e68617c733a31343a2266756e63696f6e6172696f2e3031223b7374617475737c733a313a2231223b7469706f7c733a313a2231223b6c6f6761646f7c623a313b6572726f7c733a34393a224ec3a36f20c3a920706f7373c3ad76656c2074726f636172206f2073746174757320646573746520757375c3a172696f21223b5f5f63695f766172737c613a313a7b733a343a226572726f223b733a333a226f6c64223b7d),
('1aeaf3bd8f2d7afa02df21f9b4187dc9c5606c91', '127.0.0.1', 1443144442, 0x5f5f63695f6c6173745f726567656e65726174657c693a313434333134343335303b7573756172696f7c733a313a2231223b73656e68617c733a353a2261646d696e223b7374617475737c733a313a2231223b6c6f6761646f7c623a313b),
('1bf351ffed9d28cf68b2f2ba174d2ba3ed4c2f89', '127.0.0.1', 1444092540, 0x5f5f63695f6c6173745f726567656e65726174657c693a313434343039323435393b7573756172696f7c733a313a2239223b73656e68617c733a31343a2266756e63696f6e6172696f2e3031223b7374617475737c733a313a2231223b7469706f7c733a313a2231223b6c6f6761646f7c623a313b),
('1c9fb64ff0b9e0905b9e6b5579c8a822d2cfceba', '127.0.0.1', 1443636364, 0x5f5f63695f6c6173745f726567656e65726174657c693a313434333633363336343b),
('1ddc86d7114eb23ca3efec6ab4cef10c791e74f4', '127.0.0.1', 1444878118, 0x5f5f63695f6c6173745f726567656e65726174657c693a313434343837373835313b7573756172696f7c733a323a223130223b73656e68617c733a31343a2266756e63696f6e6172696f2e3032223b7374617475737c733a313a2231223b7469706f7c733a313a2232223b6c6f6761646f7c623a313b6572726f7c733a32333a2250726f6475746f206ec3a36f20656e636f6e747261646f223b5f5f63695f766172737c613a313a7b733a343a226572726f223b733a333a226f6c64223b7d),
('1ed4394eb3d00fd3e2ed939f00c2060c3be69bf5', '127.0.0.1', 1443538631, 0x5f5f63695f6c6173745f726567656e65726174657c693a313434333533383439353b7573756172696f7c733a313a2239223b73656e68617c733a31343a2266756e63696f6e6172696f2e3031223b7374617475737c733a313a2231223b7469706f7c733a313a2231223b6c6f6761646f7c623a313b),
('1f30eb67892631f28b9e933b95535bae7749103b', '127.0.0.1', 1444332934, 0x5f5f63695f6c6173745f726567656e65726174657c693a313434343333323932393b7573756172696f7c733a323a223130223b73656e68617c733a31343a2266756e63696f6e6172696f2e3032223b7374617475737c733a313a2231223b7469706f7c733a313a2232223b6c6f6761646f7c623a313b),
('1fa2c8f0edb1c0f4c9565feccb77f992f04df45a', '127.0.0.1', 1445030913, 0x5f5f63695f6c6173745f726567656e65726174657c693a313434353033303633363b7573756172696f7c733a323a223130223b73656e68617c733a31343a2266756e63696f6e6172696f2e3032223b7374617475737c733a313a2231223b7469706f7c733a313a2232223b6c6f6761646f7c623a313b),
('2036e7d377957d6ba8a71bb18f7dc7291cf30134', '127.0.0.1', 1445105203, 0x5f5f63695f6c6173745f726567656e65726174657c693a313434353130343930343b7573756172696f7c733a323a223130223b73656e68617c733a31343a2266756e63696f6e6172696f2e3032223b7374617475737c733a313a2231223b7469706f7c733a313a2232223b6c6f6761646f7c623a313b6572726f7c733a32383a224e6f74612046697363616c206ec3a36f20656e636f6e747261646121223b5f5f63695f766172737c613a313a7b733a343a226572726f223b733a333a226f6c64223b7d),
('21beb5ff2c0471306b9149ed2ba0debbfe47868e', '127.0.0.1', 1444962047, 0x5f5f63695f6c6173745f726567656e65726174657c693a313434343936323032383b7573756172696f7c733a323a223130223b73656e68617c733a31343a2266756e63696f6e6172696f2e3032223b7374617475737c733a313a2231223b7469706f7c733a313a2232223b6c6f6761646f7c623a313b),
('222f8dec769d7d6eace01679389d266799ef07bd', '127.0.0.1', 1444853777, 0x5f5f63695f6c6173745f726567656e65726174657c693a313434343835333439383b7573756172696f7c733a323a223130223b73656e68617c733a31343a2266756e63696f6e6172696f2e3032223b7374617475737c733a313a2231223b7469706f7c733a313a2232223b6c6f6761646f7c623a313b),
('226073530b505fda55873771ccff0cbd7b82a052', '127.0.0.1', 1444068740, 0x5f5f63695f6c6173745f726567656e65726174657c693a313434343036383731393b7573756172696f7c733a313a2239223b73656e68617c733a31343a2266756e63696f6e6172696f2e3031223b7374617475737c733a313a2231223b7469706f7c733a313a2231223b6c6f6761646f7c623a313b),
('22a5fef5381947e863d1c364fce706c3714431d2', '127.0.0.1', 1443845008, 0x5f5f63695f6c6173745f726567656e65726174657c693a313434333834343835383b7573756172696f7c733a313a2239223b73656e68617c733a31343a2266756e63696f6e6172696f2e3031223b7374617475737c733a313a2231223b7469706f7c733a313a2231223b6c6f6761646f7c623a313b),
('244913f8d555a92ce3cbfe2e8437a2dc973f8f63', '127.0.0.1', 1444753383, 0x5f5f63695f6c6173745f726567656e65726174657c693a313434343735333132343b7573756172696f7c733a323a223130223b73656e68617c733a31343a2266756e63696f6e6172696f2e3032223b7374617475737c733a313a2231223b7469706f7c733a313a2232223b6c6f6761646f7c623a313b),
('2695d9b0047700a0f597ce33540d4f500776cb5e', '127.0.0.1', 1444935710, 0x5f5f63695f6c6173745f726567656e65726174657c693a313434343933353534313b7573756172696f7c733a323a223130223b73656e68617c733a31343a2266756e63696f6e6172696f2e3032223b7374617475737c733a313a2231223b7469706f7c733a313a2232223b6c6f6761646f7c623a313b),
('269844d095187e881d5ff6d012687ea42c3f6552', '127.0.0.1', 1444936950, 0x5f5f63695f6c6173745f726567656e65726174657c693a313434343933363935303b7573756172696f7c733a323a223130223b73656e68617c733a31343a2266756e63696f6e6172696f2e3032223b7374617475737c733a313a2231223b7469706f7c733a313a2232223b6c6f6761646f7c623a313b),
('26d2d0877a836a9e0483e670b876914e722fec6e', '127.0.0.1', 1445121780, 0x5f5f63695f6c6173745f726567656e65726174657c693a313434353132313530343b7573756172696f7c733a323a223130223b73656e68617c733a31343a2266756e63696f6e6172696f2e3032223b7374617475737c733a313a2231223b7469706f7c733a313a2232223b6c6f6761646f7c623a313b6572726f7c733a32383a224e6f74612046697363616c206ec3a36f20656e636f6e747261646121223b5f5f63695f766172737c613a313a7b733a343a226572726f223b733a333a226f6c64223b7d),
('26fab5ab405a27e3a573f246399246dcb2c3a484', '127.0.0.1', 1444766201, 0x5f5f63695f6c6173745f726567656e65726174657c693a313434343736353935343b7573756172696f7c733a323a223130223b73656e68617c733a31343a2266756e63696f6e6172696f2e3032223b7374617475737c733a313a2231223b7469706f7c733a313a2232223b6c6f6761646f7c623a313b),
('27dca55e459d2978f61c227b7d5ec73b8fa78777', '127.0.0.1', 1443641000, 0x5f5f63695f6c6173745f726567656e65726174657c693a313434333634303830343b7573756172696f7c733a313a2239223b73656e68617c733a31343a2266756e63696f6e6172696f2e3031223b7374617475737c733a313a2231223b7469706f7c733a313a2231223b6c6f6761646f7c623a313b),
('284be1210241bfd1afd782b151dc718ce42f2909', '127.0.0.1', 1443576451, 0x5f5f63695f6c6173745f726567656e65726174657c693a313434333537363434393b),
('28676d56a061b9c120c1a9efb3c109c2d03c5c16', '127.0.0.1', 1443240303, 0x5f5f63695f6c6173745f726567656e65726174657c693a313434333234303131313b7573756172696f7c733a313a2239223b73656e68617c733a31343a2266756e63696f6e6172696f2e3031223b7374617475737c733a313a2231223b7469706f7c733a313a2231223b6c6f6761646f7c623a313b),
('2a9e58a98e4c729f202a423cf881d7f34c4e4bb0', '127.0.0.1', 1444753564, 0x5f5f63695f6c6173745f726567656e65726174657c693a313434343735333435313b7573756172696f7c733a323a223130223b73656e68617c733a31343a2266756e63696f6e6172696f2e3032223b7374617475737c733a313a2231223b7469706f7c733a313a2232223b6c6f6761646f7c623a313b),
('2b275fab4e6def73146cd59fef36e52500ca88ad', '127.0.0.1', 1444961548, 0x5f5f63695f6c6173745f726567656e65726174657c693a313434343936313332323b7573756172696f7c733a323a223130223b73656e68617c733a31343a2266756e63696f6e6172696f2e3032223b7374617475737c733a313a2231223b7469706f7c733a313a2232223b6c6f6761646f7c623a313b),
('2b486a84597b21216e72e5fb08f25d1ee30f3bad', '127.0.0.1', 1443889949, 0x5f5f63695f6c6173745f726567656e65726174657c693a313434333838393832373b7573756172696f7c733a313a2239223b73656e68617c733a31343a2266756e63696f6e6172696f2e3031223b7374617475737c733a313a2231223b7469706f7c733a313a2231223b6c6f6761646f7c623a313b),
('2c1ba156adad26703ed80bb2cfbb18218084f8b2', '127.0.0.1', 1444940582, 0x5f5f63695f6c6173745f726567656e65726174657c693a313434343934303437393b7573756172696f7c733a323a223130223b73656e68617c733a31343a2266756e63696f6e6172696f2e3032223b7374617475737c733a313a2231223b7469706f7c733a313a2232223b6c6f6761646f7c623a313b6f6b7c733a32333a224361646173747261646f20636f6d207375636573736f21223b5f5f63695f766172737c613a313a7b733a323a226f6b223b733a333a226f6c64223b7d),
('2c3a6f8058b836438cce0e64b709455a6464f46f', '127.0.0.1', 1444077127, 0x5f5f63695f6c6173745f726567656e65726174657c693a313434343037363838383b7573756172696f7c733a313a2239223b73656e68617c733a31343a2266756e63696f6e6172696f2e3031223b7374617475737c733a313a2231223b7469706f7c733a313a2231223b6c6f6761646f7c623a313b),
('2c53c38a303bd51fef67ca1b4498620078a65e3a', '127.0.0.1', 1445091181, 0x5f5f63695f6c6173745f726567656e65726174657c693a313434353039313037373b7573756172696f7c733a323a223130223b73656e68617c733a31343a2266756e63696f6e6172696f2e3032223b7374617475737c733a313a2231223b7469706f7c733a313a2232223b6c6f6761646f7c623a313b),
('2c92404e1e7dc5f8987b48693f8fcaa44b84019e', '127.0.0.1', 1444877363, 0x5f5f63695f6c6173745f726567656e65726174657c693a313434343837373036363b7573756172696f7c733a323a223130223b73656e68617c733a31343a2266756e63696f6e6172696f2e3032223b7374617475737c733a313a2231223b7469706f7c733a313a2232223b6c6f6761646f7c623a313b),
('2dc4b9c84b07386caeb911aff2fee3e441ec1b88', '127.0.0.1', 1443496136, 0x5f5f63695f6c6173745f726567656e65726174657c693a313434333439353930303b7573756172696f7c733a313a2239223b73656e68617c733a31343a2266756e63696f6e6172696f2e3031223b7374617475737c733a313a2231223b7469706f7c733a313a2231223b6c6f6761646f7c623a313b),
('2dcb643498def9c59cb69861d2b42f41cfc4b9ca', '127.0.0.1', 1445193924, 0x5f5f63695f6c6173745f726567656e65726174657c693a313434353139333733383b7573756172696f7c733a323a223130223b73656e68617c733a31343a2266756e63696f6e6172696f2e3032223b7374617475737c733a313a2231223b7469706f7c733a313a2232223b6c6f6761646f7c623a313b6572726f7c733a32383a224e6f74612046697363616c206ec3a36f20656e636f6e747261646121223b5f5f63695f766172737c613a313a7b733a343a226572726f223b733a333a226f6c64223b7d),
('2e28079bd4c3882f88052a3edccbabf5d8b8b98a', '127.0.0.1', 1444764428, 0x5f5f63695f6c6173745f726567656e65726174657c693a313434343736343137383b7573756172696f7c733a323a223130223b73656e68617c733a31343a2266756e63696f6e6172696f2e3032223b7374617475737c733a313a2231223b7469706f7c733a313a2232223b6c6f6761646f7c623a313b),
('2e3977cda489a17346bc9ca544e7fd840616ff1d', '127.0.0.1', 1445096042, 0x5f5f63695f6c6173745f726567656e65726174657c693a313434353039353830373b7573756172696f7c733a323a223130223b73656e68617c733a31343a2266756e63696f6e6172696f2e3032223b7374617475737c733a313a2231223b7469706f7c733a313a2232223b6c6f6761646f7c623a313b),
('2eef8922779460884666c67f890f097dec2e8e83', '127.0.0.1', 1444096177, 0x5f5f63695f6c6173745f726567656e65726174657c693a313434343039363038333b7573756172696f7c733a313a2239223b73656e68617c733a31343a2266756e63696f6e6172696f2e3031223b7374617475737c733a313a2231223b7469706f7c733a313a2231223b6c6f6761646f7c623a313b),
('2fa3158bad242422e7d70ef74092e00d2877a226', '127.0.0.1', 1443539163, 0x5f5f63695f6c6173745f726567656e65726174657c693a313434333533393131373b7573756172696f7c733a313a2239223b73656e68617c733a31343a2266756e63696f6e6172696f2e3031223b7374617475737c733a313a2231223b7469706f7c733a313a2231223b6c6f6761646f7c623a313b),
('310a6f388f9c4e4d5286a817bcaeda839e88fcdc', '127.0.0.1', 1445130953, 0x5f5f63695f6c6173745f726567656e65726174657c693a313434353133303830373b7573756172696f7c733a323a223130223b73656e68617c733a31343a2266756e63696f6e6172696f2e3032223b7374617475737c733a313a2231223b7469706f7c733a313a2232223b6c6f6761646f7c623a313b),
('310a70344f5bc3bc5d50dc10e6e939446c0db529', '127.0.0.1', 1443149407, 0x5f5f63695f6c6173745f726567656e65726174657c693a313434333134393131353b7573756172696f7c733a313a2231223b73656e68617c733a353a2261646d696e223b7374617475737c733a313a2231223b6c6f6761646f7c623a313b),
('314f9f0f80b22d9be5edc67f98dd93a9023cfaa7', '127.0.0.1', 1444015063, 0x5f5f63695f6c6173745f726567656e65726174657c693a313434343031353030383b7573756172696f7c733a313a2239223b73656e68617c733a31343a2266756e63696f6e6172696f2e3031223b7374617475737c733a313a2231223b7469706f7c733a313a2231223b6c6f6761646f7c623a313b),
('31898b125cd4fa3a69453be199971c2fe1bc2dce', '127.0.0.1', 1445000203, 0x5f5f63695f6c6173745f726567656e65726174657c693a313434343939393931303b7573756172696f7c733a323a223130223b73656e68617c733a31343a2266756e63696f6e6172696f2e3032223b7374617475737c733a313a2231223b7469706f7c733a313a2232223b6c6f6761646f7c623a313b),
('3196c921c21a94fa79f87deaec1a27b4f29e9068', '127.0.0.1', 1444095636, 0x5f5f63695f6c6173745f726567656e65726174657c693a313434343039353633363b7573756172696f7c733a313a2239223b73656e68617c733a31343a2266756e63696f6e6172696f2e3031223b7374617475737c733a313a2231223b7469706f7c733a313a2231223b6c6f6761646f7c623a313b),
('321f7e8bbbe6234315fd7e85e276238326e458e8', '127.0.0.1', 1443892578, 0x5f5f63695f6c6173745f726567656e65726174657c693a313434333839323430353b7573756172696f7c733a313a2239223b73656e68617c733a31343a2266756e63696f6e6172696f2e3031223b7374617475737c733a313a2231223b7469706f7c733a313a2231223b6c6f6761646f7c623a313b),
('322dd4349ea68fd0443112c62d0f572abf1db293', '127.0.0.1', 1443843278, 0x5f5f63695f6c6173745f726567656e65726174657c693a313434333834333030343b7573756172696f7c733a313a2239223b73656e68617c733a31343a2266756e63696f6e6172696f2e3031223b7374617475737c733a313a2231223b7469706f7c733a313a2231223b6c6f6761646f7c623a313b),
('327649aefef95456a77ace10628189bfff4eb9d3', '127.0.0.1', 1443894326, 0x5f5f63695f6c6173745f726567656e65726174657c693a313434333839343033363b7573756172696f7c733a313a2239223b73656e68617c733a31343a2266756e63696f6e6172696f2e3031223b7374617475737c733a313a2231223b7469706f7c733a313a2231223b6c6f6761646f7c623a313b),
('3433bf80097798cbaedaa239b2d2ca11a7a3e03b', '127.0.0.1', 1443844835, 0x5f5f63695f6c6173745f726567656e65726174657c693a313434333834343533373b7573756172696f7c733a313a2239223b73656e68617c733a31343a2266756e63696f6e6172696f2e3031223b7374617475737c733a313a2231223b7469706f7c733a313a2231223b6c6f6761646f7c623a313b),
('35f286d814af49eecc9f0375e57207647c7d777c', '127.0.0.1', 1445545629, 0x5f5f63695f6c6173745f726567656e65726174657c693a313434353534353437303b7573756172696f7c733a323a223130223b73656e68617c733a31343a2266756e63696f6e6172696f2e3032223b7374617475737c733a313a2231223b7469706f7c733a313a2232223b6c6f6761646f7c623a313b),
('369765f969a4b9fcf585f3a9425b79b207ed6cb2', '127.0.0.1', 1444964417, 0x5f5f63695f6c6173745f726567656e65726174657c693a313434343936343335303b7573756172696f7c733a323a223130223b73656e68617c733a31343a2266756e63696f6e6172696f2e3032223b7374617475737c733a313a2231223b7469706f7c733a313a2232223b6c6f6761646f7c623a313b),
('373de74f63d7a8d7a924de0194bdc32fdb43a8af', '127.0.0.1', 1445093050, 0x5f5f63695f6c6173745f726567656e65726174657c693a313434353039323833313b7573756172696f7c733a323a223130223b73656e68617c733a31343a2266756e63696f6e6172696f2e3032223b7374617475737c733a313a2231223b7469706f7c733a313a2232223b6c6f6761646f7c623a313b),
('376c7989a564bdd31b38ffc361f09b39aaad88b4', '127.0.0.1', 1445131171, 0x5f5f63695f6c6173745f726567656e65726174657c693a313434353133313135353b7573756172696f7c733a323a223130223b73656e68617c733a31343a2266756e63696f6e6172696f2e3032223b7374617475737c733a313a2231223b7469706f7c733a313a2232223b6c6f6761646f7c623a313b),
('39f71307a99e3fc09f04bf7d565a0668827d5ef8', '127.0.0.1', 1443142490, 0x5f5f63695f6c6173745f726567656e65726174657c693a313434333134323437323b7573756172696f7c733a313a2231223b73656e68617c733a353a2261646d696e223b7374617475737c733a313a2231223b6c6f6761646f7c623a313b),
('3a1f8c469a44b783f389cc980936828d6ff4e4dc', '127.0.0.1', 1443891654, 0x5f5f63695f6c6173745f726567656e65726174657c693a313434333839313432313b7573756172696f7c733a313a2239223b73656e68617c733a31343a2266756e63696f6e6172696f2e3031223b7374617475737c733a313a2231223b7469706f7c733a313a2231223b6c6f6761646f7c623a313b),
('3a38978e7d1d1483b6cc34b8af4e8052aab0eb29', '127.0.0.1', 1443200150, 0x5f5f63695f6c6173745f726567656e65726174657c693a313434333230303031303b7573756172696f7c733a313a2232223b73656e68617c733a373a226c657469636961223b7374617475737c733a313a2231223b6c6f6761646f7c623a313b),
('3af36483e320b83dfa924c64edd2bb12fffcc3ad', '127.0.0.1', 1444164390, 0x5f5f63695f6c6173745f726567656e65726174657c693a313434343136343138373b7573756172696f7c733a313a2239223b73656e68617c733a31343a2266756e63696f6e6172696f2e3031223b7374617475737c733a313a2231223b7469706f7c733a313a2231223b6c6f6761646f7c623a313b),
('3b676236710d2c419b0f62fd5d90eacfce918756', '127.0.0.1', 1444666604, 0x5f5f63695f6c6173745f726567656e65726174657c693a313434343636363339303b7573756172696f7c733a323a223130223b73656e68617c733a31343a2266756e63696f6e6172696f2e3032223b7374617475737c733a313a2231223b7469706f7c733a313a2232223b6c6f6761646f7c623a313b),
('3b9b4b1a2b6364efef5a25cdd92fc89dc55d7824', '127.0.0.1', 1444667663, 0x5f5f63695f6c6173745f726567656e65726174657c693a313434343636373438373b7573756172696f7c733a323a223130223b73656e68617c733a31343a2266756e63696f6e6172696f2e3032223b7374617475737c733a313a2231223b7469706f7c733a313a2232223b6c6f6761646f7c623a313b6f6b7c733a31393a224564697461646f20636f6d207375636573736f223b5f5f63695f766172737c613a313a7b733a323a226f6b223b733a333a226f6c64223b7d),
('3bacbfbf6adc79bb69a4f110f388aa37a6231b56', '127.0.0.1', 1445128774, 0x5f5f63695f6c6173745f726567656e65726174657c693a313434353132383536383b7573756172696f7c733a323a223130223b73656e68617c733a31343a2266756e63696f6e6172696f2e3032223b7374617475737c733a313a2231223b7469706f7c733a313a2232223b6c6f6761646f7c623a313b),
('3bdb3013129770464733f8c837ba78cf036eeb6a', '127.0.0.1', 1443409610, 0x5f5f63695f6c6173745f726567656e65726174657c693a313434333430393631303b),
('3d4a4dc829a3e402e635840d590706a627f2a6bc', '127.0.0.1', 1445134066, 0x5f5f63695f6c6173745f726567656e65726174657c693a313434353133333737373b7573756172696f7c733a323a223130223b73656e68617c733a31343a2266756e63696f6e6172696f2e3032223b7374617475737c733a313a2231223b7469706f7c733a313a2232223b6c6f6761646f7c623a313b),
('3e26fa5613af3f35fdc4b58a988da815889cb298', '127.0.0.1', 1443492814, 0x5f5f63695f6c6173745f726567656e65726174657c693a313434333439323533313b7573756172696f7c733a313a2239223b73656e68617c733a31343a2266756e63696f6e6172696f2e3031223b7374617475737c733a313a2231223b7469706f7c733a313a2231223b6c6f6761646f7c623a313b),
('3e5222b73e1634c994f275cb23b2b796774b0db7', '127.0.0.1', 1443493584, 0x5f5f63695f6c6173745f726567656e65726174657c693a313434333439333330303b7573756172696f7c733a313a2239223b73656e68617c733a31343a2266756e63696f6e6172696f2e3031223b7374617475737c733a313a2231223b7469706f7c733a313a2231223b6c6f6761646f7c623a313b),
('3ed893c1117d66a6dbe6163679e5b28d1aae431c', '127.0.0.1', 1443636392, 0x5f5f63695f6c6173745f726567656e65726174657c693a313434333633363237383b7573756172696f7c733a313a2239223b73656e68617c733a31343a2266756e63696f6e6172696f2e3031223b7374617475737c733a313a2231223b7469706f7c733a313a2231223b6c6f6761646f7c623a313b),
('3fef781a1c1aa2197df1d1914fa0556867a49db4', '127.0.0.1', 1443492135, 0x5f5f63695f6c6173745f726567656e65726174657c693a313434333439313833343b7573756172696f7c733a313a2239223b73656e68617c733a31343a2266756e63696f6e6172696f2e3031223b7374617475737c733a313a2231223b7469706f7c733a313a2231223b6c6f6761646f7c623a313b),
('420e574de63f42c36ce30956bd8c8fbbe4aac0ee', '127.0.0.1', 1443149823, 0x5f5f63695f6c6173745f726567656e65726174657c693a313434333134393832333b7573756172696f7c733a313a2231223b73656e68617c733a353a2261646d696e223b7374617475737c733a313a2231223b6c6f6761646f7c623a313b),
('4227a52d8259403131dca45eaf0aeef8ce92b4a0', '127.0.0.1', 1445544966, 0x5f5f63695f6c6173745f726567656e65726174657c693a313434353534343936363b7573756172696f7c733a323a223130223b73656e68617c733a31343a2266756e63696f6e6172696f2e3032223b7374617475737c733a313a2231223b7469706f7c733a313a2232223b6c6f6761646f7c623a313b),
('4265fe1077885bf9efc2f038910051c2c3c1df53', '127.0.0.1', 1443295708, 0x5f5f63695f6c6173745f726567656e65726174657c693a313434333239353730373b7573756172696f7c733a313a2239223b73656e68617c733a31343a2266756e63696f6e6172696f2e3031223b7374617475737c733a313a2231223b7469706f7c733a313a2231223b6c6f6761646f7c623a313b),
('46a1a0a048a73f650e71440bc5b3135b76de4060', '127.0.0.1', 1444072052, 0x5f5f63695f6c6173745f726567656e65726174657c693a313434343037313838353b7573756172696f7c733a313a2239223b73656e68617c733a31343a2266756e63696f6e6172696f2e3031223b7374617475737c733a313a2231223b7469706f7c733a313a2231223b6c6f6761646f7c623a313b),
('46b622ab90c47dbf890f3cbc6a0df33a1db5f3f5', '127.0.0.1', 1444943228, 0x5f5f63695f6c6173745f726567656e65726174657c693a313434343934323939333b7573756172696f7c733a323a223130223b73656e68617c733a31343a2266756e63696f6e6172696f2e3032223b7374617475737c733a313a2231223b7469706f7c733a313a2232223b6c6f6761646f7c623a313b),
('46baf317d3172add130e09238ebfda8e3b0ed62c', '127.0.0.1', 1443240886, 0x5f5f63695f6c6173745f726567656e65726174657c693a313434333234303539343b7573756172696f7c733a313a2239223b73656e68617c733a31343a2266756e63696f6e6172696f2e3031223b7374617475737c733a313a2231223b7469706f7c733a313a2231223b6c6f6761646f7c623a313b),
('473fc1af4b2bf3849811a2b858c0b45227002c69', '127.0.0.1', 1443668896, 0x5f5f63695f6c6173745f726567656e65726174657c693a313434333636383839363b),
('47f5d3b8e04c428c65f0856861dbb9a67be8da56', '127.0.0.1', 1445127688, 0x5f5f63695f6c6173745f726567656e65726174657c693a313434353132373537373b7573756172696f7c733a323a223130223b73656e68617c733a31343a2266756e63696f6e6172696f2e3032223b7374617475737c733a313a2231223b7469706f7c733a313a2232223b6c6f6761646f7c623a313b6f6b7c733a32363a224974656d20696e73657269646f20636f6d207375636573736f21223b5f5f63695f766172737c613a313a7b733a323a226f6b223b733a333a226e6577223b7d),
('48116104eaafee257614c1c48a684db5f46c859c', '127.0.0.1', 1444015388, 0x5f5f63695f6c6173745f726567656e65726174657c693a313434343031353338383b7573756172696f7c733a313a2239223b73656e68617c733a31343a2266756e63696f6e6172696f2e3031223b7374617475737c733a313a2231223b7469706f7c733a313a2231223b6c6f6761646f7c623a313b),
('485f77e7a5b9cda88ff21c78f849ccdd75e535c3', '127.0.0.1', 1445361462, 0x5f5f63695f6c6173745f726567656e65726174657c693a313434353336313231303b7573756172696f7c733a323a223130223b73656e68617c733a31343a2266756e63696f6e6172696f2e3032223b7374617475737c733a313a2231223b7469706f7c733a313a2232223b6c6f6761646f7c623a313b),
('492accc7c882541231e3f89eb26498116f86848d', '127.0.0.1', 1443633256, 0x5f5f63695f6c6173745f726567656e65726174657c693a313434333633323937313b7573756172696f7c733a313a2239223b73656e68617c733a31343a2266756e63696f6e6172696f2e3031223b7374617475737c733a313a2231223b7469706f7c733a313a2231223b6c6f6761646f7c623a313b),
('495e777f92c0f05f5b3f7f240e686dc4ecd2d675', '127.0.0.1', 1444878436, 0x5f5f63695f6c6173745f726567656e65726174657c693a313434343837383135323b7573756172696f7c733a323a223130223b73656e68617c733a31343a2266756e63696f6e6172696f2e3032223b7374617475737c733a313a2231223b7469706f7c733a313a2232223b6c6f6761646f7c623a313b),
('498f32d83701fd002a298f9e4c1796a0868cece5', '127.0.0.1', 1444079360, 0x5f5f63695f6c6173745f726567656e65726174657c693a313434343037393336303b7573756172696f7c733a313a2239223b73656e68617c733a31343a2266756e63696f6e6172696f2e3031223b7374617475737c733a313a2231223b7469706f7c733a313a2231223b6c6f6761646f7c623a313b),
('4a241db5f634e6a8caca9a4f556d7a3075c574f0', '127.0.0.1', 1443839222, 0x5f5f63695f6c6173745f726567656e65726174657c693a313434333833393232323b),
('4a3913a182f10d2dacd7e4c2d6990f422e4beba9', '127.0.0.1', 1445019228, 0x5f5f63695f6c6173745f726567656e65726174657c693a313434353031393030313b7573756172696f7c733a323a223130223b73656e68617c733a31343a2266756e63696f6e6172696f2e3032223b7374617475737c733a313a2231223b7469706f7c733a313a2232223b6c6f6761646f7c623a313b),
('4ab997b844233a59be4a1ef1941f474f1f99be8e', '127.0.0.1', 1443549845, 0x5f5f63695f6c6173745f726567656e65726174657c693a313434333534393631303b7573756172696f7c733a313a2239223b73656e68617c733a31343a2266756e63696f6e6172696f2e3031223b7374617475737c733a313a2231223b7469706f7c733a313a2231223b6c6f6761646f7c623a313b),
('4b719ebb26c3ddafd033260a521523d792f67cbe', '127.0.0.1', 1443892878, 0x5f5f63695f6c6173745f726567656e65726174657c693a313434333839323734323b7573756172696f7c733a313a2239223b73656e68617c733a31343a2266756e63696f6e6172696f2e3031223b7374617475737c733a313a2231223b7469706f7c733a313a2231223b6c6f6761646f7c623a313b),
('4c6373b70cd6f103295e2f66ff17289ee4d74007', '127.0.0.1', 1443145266, 0x5f5f63695f6c6173745f726567656e65726174657c693a313434333134343938333b7573756172696f7c733a313a2231223b73656e68617c733a353a2261646d696e223b7374617475737c733a313a2231223b6c6f6761646f7c623a313b),
('4cbd1ac134652d7d939308ebcf4ef99a984335c9', '127.0.0.1', 1443812111, 0x5f5f63695f6c6173745f726567656e65726174657c693a313434333831323131313b7573756172696f7c733a313a2239223b73656e68617c733a31343a2266756e63696f6e6172696f2e3031223b7374617475737c733a313a2231223b7469706f7c733a313a2231223b6c6f6761646f7c623a313b),
('4dd62ff532e2a6c8cd88c48956c1ffde457feb46', '127.0.0.1', 1443200446, 0x5f5f63695f6c6173745f726567656e65726174657c693a313434333230303434353b7573756172696f7c733a313a2232223b73656e68617c733a373a226c657469636961223b7374617475737c733a313a2231223b6c6f6761646f7c623a313b),
('4deccf5cc8b1775ef4608a1e1a35f619ba838573', '127.0.0.1', 1443636364, 0x5f5f63695f6c6173745f726567656e65726174657c693a313434333633363336343b),
('4eae8fad961641a52cc05908e60c68acad019773', '127.0.0.1', 1444931979, 0x5f5f63695f6c6173745f726567656e65726174657c693a313434343933313734363b7573756172696f7c733a323a223130223b73656e68617c733a31343a2266756e63696f6e6172696f2e3032223b7374617475737c733a313a2231223b7469706f7c733a313a2232223b6c6f6761646f7c623a313b),
('50b956c7a5a0d7530dce69aed5b2337d4a5d3a05', '127.0.0.1', 1444097296, 0x5f5f63695f6c6173745f726567656e65726174657c693a313434343039373034373b7573756172696f7c733a313a2239223b73656e68617c733a31343a2266756e63696f6e6172696f2e3031223b7374617475737c733a313a2231223b7469706f7c733a313a2231223b6c6f6761646f7c623a313b),
('515d592ef3963309db8460a80bf1d4099c69143a', '127.0.0.1', 1445547107, 0x5f5f63695f6c6173745f726567656e65726174657c693a313434353534363933333b7573756172696f7c733a323a223130223b73656e68617c733a31343a2266756e63696f6e6172696f2e3032223b7374617475737c733a313a2231223b7469706f7c733a313a2232223b6c6f6761646f7c623a313b6f6b7c733a33303a22537461747573206d6f646966696361646f20636f6d207375636573736f21223b5f5f63695f766172737c613a313a7b733a323a226f6b223b733a333a226f6c64223b7d),
('51e7c35634478c1912aca9dbe7fb41ae17d0d4b7', '127.0.0.1', 1443202177, 0x5f5f63695f6c6173745f726567656e65726174657c693a313434333230313936303b7573756172696f7c733a313a2232223b73656e68617c733a373a226c657469636961223b7374617475737c733a313a2231223b6c6f6761646f7c623a313b),
('529aed035196cfef3f697c93f83605dcdea56cbb', '127.0.0.1', 1443147097, 0x5f5f63695f6c6173745f726567656e65726174657c693a313434333134363834303b7573756172696f7c733a313a2231223b73656e68617c733a353a2261646d696e223b7374617475737c733a313a2231223b6c6f6761646f7c623a313b),
('52aed64ce0daed72d348281b735685eeaec70597', '127.0.0.1', 1444075226, 0x5f5f63695f6c6173745f726567656e65726174657c693a313434343037343935323b7573756172696f7c733a313a2239223b73656e68617c733a31343a2266756e63696f6e6172696f2e3031223b7374617475737c733a313a2231223b7469706f7c733a313a2231223b6c6f6761646f7c623a313b),
('53478b8659ad176a799b6a621f63a8b766e41fdb', '127.0.0.1', 1444857247, 0x5f5f63695f6c6173745f726567656e65726174657c693a313434343835373136333b7573756172696f7c733a323a223130223b73656e68617c733a31343a2266756e63696f6e6172696f2e3032223b7374617475737c733a313a2231223b7469706f7c733a313a2232223b6c6f6761646f7c623a313b6f6b7c733a31393a224564697461646f20636f6d207375636573736f223b5f5f63695f766172737c613a313a7b733a323a226f6b223b733a333a226f6c64223b7d),
('54b67d833a385e1bf2c9b3378f5050a817e22fee', '127.0.0.1', 1443377449, 0x5f5f63695f6c6173745f726567656e65726174657c693a313434333337373136393b7573756172696f7c733a313a2239223b73656e68617c733a31343a2266756e63696f6e6172696f2e3031223b7374617475737c733a313a2231223b7469706f7c733a313a2231223b6c6f6761646f7c623a313b),
('54d26d6e4073298bf0b16b6b2a6144cd0ddc148a', '127.0.0.1', 1443539088, 0x5f5f63695f6c6173745f726567656e65726174657c693a313434333533383831313b7573756172696f7c733a313a2239223b73656e68617c733a31343a2266756e63696f6e6172696f2e3031223b7374617475737c733a313a2231223b7469706f7c733a313a2231223b6c6f6761646f7c623a313b),
('557327cfd86c0a4ae3a0938a5d196d41cf230454', '127.0.0.1', 1443148740, 0x5f5f63695f6c6173745f726567656e65726174657c693a313434333134383537313b7573756172696f7c733a313a2231223b73656e68617c733a353a2261646d696e223b7374617475737c733a313a2231223b6c6f6761646f7c623a313b),
('56fff15694d78d54cdde78259f0ac8ac438d283b', '127.0.0.1', 1444097968, 0x5f5f63695f6c6173745f726567656e65726174657c693a313434343039373636383b7573756172696f7c733a313a2239223b73656e68617c733a31343a2266756e63696f6e6172696f2e3031223b7374617475737c733a313a2231223b7469706f7c733a313a2231223b6c6f6761646f7c623a313b),
('581667361dbea561105997acf822b00303f3722e', '127.0.0.1', 1445104239, 0x5f5f63695f6c6173745f726567656e65726174657c693a313434353130333936393b7573756172696f7c733a323a223130223b73656e68617c733a31343a2266756e63696f6e6172696f2e3032223b7374617475737c733a313a2231223b7469706f7c733a313a2232223b6c6f6761646f7c623a313b6572726f7c733a32383a224e6f74612046697363616c206ec3a36f20656e636f6e747261646121223b5f5f63695f766172737c613a313a7b733a343a226572726f223b733a333a226f6c64223b7d),
('59aa64363cefc43260a1d736d7f8bb5762ea2435', '127.0.0.1', 1443495136, 0x5f5f63695f6c6173745f726567656e65726174657c693a313434333439343837353b7573756172696f7c733a313a2239223b73656e68617c733a31343a2266756e63696f6e6172696f2e3031223b7374617475737c733a313a2231223b7469706f7c733a313a2231223b6c6f6761646f7c623a313b),
('5a4d87dbe108789456590f43bd78a8a9f51bd72a', '127.0.0.1', 1444944442, 0x5f5f63695f6c6173745f726567656e65726174657c693a313434343934343233353b7573756172696f7c733a323a223130223b73656e68617c733a31343a2266756e63696f6e6172696f2e3032223b7374617475737c733a313a2231223b7469706f7c733a313a2232223b6c6f6761646f7c623a313b),
('5b2f4c3c7ddb4aa3bd89de51cd868c5cd751c36d', '127.0.0.1', 1443141923, 0x5f5f63695f6c6173745f726567656e65726174657c693a313434333134313931353b7573756172696f7c733a313a2231223b73656e68617c733a353a2261646d696e223b7374617475737c733a313a2231223b6c6f6761646f7c623a313b),
('5c5b736350bfbc4c5f09c3cac3cd75561951359b', '127.0.0.1', 1443280598, 0x5f5f63695f6c6173745f726567656e65726174657c693a313434333238303530313b7573756172696f7c733a313a2239223b73656e68617c733a31343a2266756e63696f6e6172696f2e3031223b7374617475737c733a313a2231223b7469706f7c733a313a2231223b6c6f6761646f7c623a313b5f5f63695f766172737c613a313a7b733a323a226f6b223b733a333a226e6577223b7d6f6b7c733a33343a224e6f76612073656e6861206361646173747261646120636f6d207375636573736f21223b),
('5c5d2875868af5b0c2341cd4a300a35bb8d21a8f', '127.0.0.1', 1444940425, 0x5f5f63695f6c6173745f726567656e65726174657c693a313434343934303134353b7573756172696f7c733a323a223130223b73656e68617c733a31343a2266756e63696f6e6172696f2e3032223b7374617475737c733a313a2231223b7469706f7c733a313a2232223b6c6f6761646f7c623a313b),
('5cdee7d61a05fd92ae7cc225f80e4a04f8fd7ade', '127.0.0.1', 1443639291, 0x5f5f63695f6c6173745f726567656e65726174657c693a313434333633393130323b7573756172696f7c733a313a2239223b73656e68617c733a31343a2266756e63696f6e6172696f2e3031223b7374617475737c733a313a2231223b7469706f7c733a313a2231223b6c6f6761646f7c623a313b),
('5cfba5d24f3f47df4af12d834583d1b3131a8d30', '127.0.0.1', 1443843839, 0x5f5f63695f6c6173745f726567656e65726174657c693a313434333834333634393b7573756172696f7c733a313a2239223b73656e68617c733a31343a2266756e63696f6e6172696f2e3031223b7374617475737c733a313a2231223b7469706f7c733a313a2231223b6c6f6761646f7c623a313b),
('5e1381374021f272fe13526fa72bca09b0243680', '127.0.0.1', 1445364393, 0x5f5f63695f6c6173745f726567656e65726174657c693a313434353336343130393b7573756172696f7c733a313a2239223b73656e68617c733a31343a2266756e63696f6e6172696f2e3031223b7374617475737c733a313a2231223b7469706f7c733a313a2231223b6c6f6761646f7c623a313b),
('5e995e532b17af8387a29739979ef2db7a1bb3a4', '127.0.0.1', 1445106918, 0x5f5f63695f6c6173745f726567656e65726174657c693a313434353130363731303b7573756172696f7c733a323a223130223b73656e68617c733a31343a2266756e63696f6e6172696f2e3032223b7374617475737c733a313a2231223b7469706f7c733a313a2232223b6c6f6761646f7c623a313b6572726f7c733a32383a224e6f74612046697363616c206ec3a36f20656e636f6e747261646121223b5f5f63695f766172737c613a313a7b733a343a226572726f223b733a333a226f6c64223b7d),
('5ee6d802c8e13f68cb659de6d10090c6d080f678', '127.0.0.1', 1445281042, 0x5f5f63695f6c6173745f726567656e65726174657c693a313434353238313032323b7573756172696f7c733a323a223130223b73656e68617c733a31343a2266756e63696f6e6172696f2e3032223b7374617475737c733a313a2231223b7469706f7c733a313a2232223b6c6f6761646f7c623a313b),
('5fffa37e7f84a54008a3ec5d7bd58929b8c63786', '127.0.0.1', 1443578661, 0x5f5f63695f6c6173745f726567656e65726174657c693a313434333537383534343b7573756172696f7c733a313a2239223b73656e68617c733a31343a2266756e63696f6e6172696f2e3031223b7374617475737c733a313a2231223b7469706f7c733a313a2231223b6c6f6761646f7c623a313b),
('6059b593d6656fc663efb7a3c87113aa03528c9a', '127.0.0.1', 1443494233, 0x5f5f63695f6c6173745f726567656e65726174657c693a313434333439333934303b7573756172696f7c733a313a2239223b73656e68617c733a31343a2266756e63696f6e6172696f2e3031223b7374617475737c733a313a2231223b7469706f7c733a313a2231223b6c6f6761646f7c623a313b),
('61d11069b8d029bbf450d18101524ea5131c86d5', '127.0.0.1', 1445032162, 0x5f5f63695f6c6173745f726567656e65726174657c693a313434353033323131303b7573756172696f7c733a323a223130223b73656e68617c733a31343a2266756e63696f6e6172696f2e3032223b7374617475737c733a313a2231223b7469706f7c733a313a2232223b6c6f6761646f7c623a313b),
('61f72bf0618a7ccfc8da5b1eb6a154c2b85258d3', '127.0.0.1', 1444937993, 0x5f5f63695f6c6173745f726567656e65726174657c693a313434343933373739303b7573756172696f7c733a323a223130223b73656e68617c733a31343a2266756e63696f6e6172696f2e3032223b7374617475737c733a313a2231223b7469706f7c733a313a2232223b6c6f6761646f7c623a313b),
('624d3b9547b32bd4539181eab7de174f1d08bcdf', '127.0.0.1', 1443201466, 0x5f5f63695f6c6173745f726567656e65726174657c693a313434333230313138323b7573756172696f7c733a313a2232223b73656e68617c733a373a226c657469636961223b7374617475737c733a313a2231223b6c6f6761646f7c623a313b6f6b7c733a33303a22436164617374726f20656665747561646f20636f6d207375636573736f21223b5f5f63695f766172737c613a313a7b733a323a226f6b223b733a333a226f6c64223b7d),
('626bd0cf541f614a75685a9bb144e8832f764e42', '127.0.0.1', 1445017782, 0x5f5f63695f6c6173745f726567656e65726174657c693a313434353031373534393b7573756172696f7c733a323a223130223b73656e68617c733a31343a2266756e63696f6e6172696f2e3032223b7374617475737c733a313a2231223b7469706f7c733a313a2232223b6c6f6761646f7c623a313b),
('6433623c546d077682aefec38f54906c2818db91', '127.0.0.1', 1443285836, 0x5f5f63695f6c6173745f726567656e65726174657c693a313434333238353736303b7573756172696f7c733a313a2239223b73656e68617c733a31343a2266756e63696f6e6172696f2e3031223b7374617475737c733a313a2231223b7469706f7c733a313a2231223b6c6f6761646f7c623a313b),
('65be1c75187f2d6962a14a4029ebcaed966dc87d', '127.0.0.1', 1444934809, 0x5f5f63695f6c6173745f726567656e65726174657c693a313434343933343531323b7573756172696f7c733a323a223130223b73656e68617c733a31343a2266756e63696f6e6172696f2e3032223b7374617475737c733a313a2231223b7469706f7c733a313a2232223b6c6f6761646f7c623a313b),
('67d02a411e7831ac464fae99878670ce4ff0c0d1', '127.0.0.1', 1445362732, 0x5f5f63695f6c6173745f726567656e65726174657c693a313434353336323434323b7573756172696f7c733a323a223130223b73656e68617c733a31343a2266756e63696f6e6172696f2e3032223b7374617475737c733a313a2231223b7469706f7c733a313a2232223b6c6f6761646f7c623a313b),
('6886074a6127f06b4680d2ba5513f91130269e66', '127.0.0.1', 1443839601, 0x5f5f63695f6c6173745f726567656e65726174657c693a313434333833393539343b7573756172696f7c733a313a2239223b73656e68617c733a31343a2266756e63696f6e6172696f2e3031223b7374617475737c733a313a2231223b7469706f7c733a313a2231223b6c6f6761646f7c623a313b),
('6a3dc2e7c5d0e71ed74808435ad713415ce92c73', '127.0.0.1', 1445030602, 0x5f5f63695f6c6173745f726567656e65726174657c693a313434353033303330323b7573756172696f7c733a323a223130223b73656e68617c733a31343a2266756e63696f6e6172696f2e3032223b7374617475737c733a313a2231223b7469706f7c733a313a2232223b6c6f6761646f7c623a313b);
INSERT INTO `ci_sessions` (`id`, `ip_address`, `timestamp`, `data`) VALUES
('6a58272f853f978034f3dfec916ff74e7e71b99d', '127.0.0.1', 1445280637, 0x5f5f63695f6c6173745f726567656e65726174657c693a313434353238303632303b7573756172696f7c733a323a223130223b73656e68617c733a31343a2266756e63696f6e6172696f2e3032223b7374617475737c733a313a2231223b7469706f7c733a313a2232223b6c6f6761646f7c623a313b),
('6aab62286f08b98f0bb1fb33e4d7492f58c8d547', '127.0.0.1', 1444933796, 0x5f5f63695f6c6173745f726567656e65726174657c693a313434343933333530373b7573756172696f7c733a323a223130223b73656e68617c733a31343a2266756e63696f6e6172696f2e3032223b7374617475737c733a313a2231223b7469706f7c733a313a2232223b6c6f6761646f7c623a313b),
('6acd7aca754abd935d55ad95e7b93955707b606c', '127.0.0.1', 1444331534, 0x5f5f63695f6c6173745f726567656e65726174657c693a313434343333313432383b),
('6c089d30fdf24234366080d45e30f984a3fe5edf', '127.0.0.1', 1445462642, 0x5f5f63695f6c6173745f726567656e65726174657c693a313434353436323631313b7573756172696f7c733a323a223130223b73656e68617c733a31343a2266756e63696f6e6172696f2e3032223b7374617475737c733a313a2231223b7469706f7c733a313a2232223b6c6f6761646f7c623a313b),
('6c094f496ccc9c5824c77254fc3396f2e6923e80', '127.0.0.1', 1444937682, 0x5f5f63695f6c6173745f726567656e65726174657c693a313434343933373434393b7573756172696f7c733a323a223130223b73656e68617c733a31343a2266756e63696f6e6172696f2e3032223b7374617475737c733a313a2231223b7469706f7c733a313a2232223b6c6f6761646f7c623a313b),
('6c92699cbb1595d90aba46adf476453d919613c3', '127.0.0.1', 1443292451, 0x5f5f63695f6c6173745f726567656e65726174657c693a313434333239323230333b7573756172696f7c733a313a2239223b73656e68617c733a31343a2266756e63696f6e6172696f2e3031223b7374617475737c733a313a2231223b7469706f7c733a313a2231223b6c6f6761646f7c623a313b),
('6ce7caf789782ed7a3f820b6b5c4f1d7f7128a0b', '127.0.0.1', 1445095721, 0x5f5f63695f6c6173745f726567656e65726174657c693a313434353039353435343b7573756172696f7c733a323a223130223b73656e68617c733a31343a2266756e63696f6e6172696f2e3032223b7374617475737c733a313a2231223b7469706f7c733a313a2232223b6c6f6761646f7c623a313b),
('6de16b6ccaddc6e38e187433c0d01fe8c53d980d', '127.0.0.1', 1445127010, 0x5f5f63695f6c6173745f726567656e65726174657c693a313434353132363735323b7573756172696f7c733a323a223130223b73656e68617c733a31343a2266756e63696f6e6172696f2e3032223b7374617475737c733a313a2231223b7469706f7c733a313a2232223b6c6f6761646f7c623a313b6572726f7c733a33333a224974656d206ac3a120696e73657269646f206e61204e6f74612046697363616c21223b5f5f63695f766172737c613a313a7b733a343a226572726f223b733a333a226f6c64223b7d),
('6df6736bff7963a427cd4e56b0a238434a834e44', '127.0.0.1', 1445461278, 0x5f5f63695f6c6173745f726567656e65726174657c693a313434353436313036383b7573756172696f7c733a323a223130223b73656e68617c733a31343a2266756e63696f6e6172696f2e3032223b7374617475737c733a313a2231223b7469706f7c733a313a2232223b6c6f6761646f7c623a313b),
('6e5c3f9faf59e1095fce29be19f66091c195876d', '127.0.0.1', 1444014376, 0x5f5f63695f6c6173745f726567656e65726174657c693a313434343031343238343b7573756172696f7c733a313a2239223b73656e68617c733a31343a2266756e63696f6e6172696f2e3031223b7374617475737c733a313a2231223b7469706f7c733a313a2231223b6c6f6761646f7c623a313b),
('6f0e12a25cde7b44c935c858b44a29cb8acb5372', '127.0.0.1', 1445132297, 0x5f5f63695f6c6173745f726567656e65726174657c693a313434353133323031333b7573756172696f7c733a323a223130223b73656e68617c733a31343a2266756e63696f6e6172696f2e3032223b7374617475737c733a313a2231223b7469706f7c733a313a2232223b6c6f6761646f7c623a313b),
('70183ffc5f6cd23f9bd59a8f067c1fd4f9b3f695', '127.0.0.1', 1445108366, 0x5f5f63695f6c6173745f726567656e65726174657c693a313434353130383133303b7573756172696f7c733a323a223130223b73656e68617c733a31343a2266756e63696f6e6172696f2e3032223b7374617475737c733a313a2231223b7469706f7c733a313a2232223b6c6f6761646f7c623a313b6572726f7c733a32343a22456d7072657361206ec3a36f20656e636f6e747261646121223b5f5f63695f766172737c613a313a7b733a343a226572726f223b733a333a226f6c64223b7d),
('707d653feacdfba3fd992ee93e0a868303c8cc14', '127.0.0.1', 1445031330, 0x5f5f63695f6c6173745f726567656e65726174657c693a313434353033313134313b7573756172696f7c733a323a223130223b73656e68617c733a31343a2266756e63696f6e6172696f2e3032223b7374617475737c733a313a2231223b7469706f7c733a313a2232223b6c6f6761646f7c623a313b),
('70d7b7c3fdbec9084f2caa7ee89789a3b565f997', '127.0.0.1', 1444938563, 0x5f5f63695f6c6173745f726567656e65726174657c693a313434343933383238303b7573756172696f7c733a323a223130223b73656e68617c733a31343a2266756e63696f6e6172696f2e3032223b7374617475737c733a313a2231223b7469706f7c733a313a2232223b6c6f6761646f7c623a313b),
('72b6c3b1d67026b22236b6454f01cb49638fc04e', '127.0.0.1', 1444855650, 0x5f5f63695f6c6173745f726567656e65726174657c693a313434343835353338393b7573756172696f7c733a323a223130223b73656e68617c733a31343a2266756e63696f6e6172696f2e3032223b7374617475737c733a313a2231223b7469706f7c733a313a2232223b6c6f6761646f7c623a313b),
('72d5e2159fd57a470bff374f3ed1fb760aafc315', '127.0.0.1', 1444931720, 0x5f5f63695f6c6173745f726567656e65726174657c693a313434343933313434343b7573756172696f7c733a323a223130223b73656e68617c733a31343a2266756e63696f6e6172696f2e3032223b7374617475737c733a313a2231223b7469706f7c733a313a2232223b6c6f6761646f7c623a313b),
('739a3bc1c8fe1c9b401b27bd5b9a9e768ca0d0a3', '127.0.0.1', 1445363527, 0x5f5f63695f6c6173745f726567656e65726174657c693a313434353336333238393b7573756172696f7c733a313a2239223b73656e68617c733a31343a2266756e63696f6e6172696f2e3031223b7374617475737c733a313a2231223b7469706f7c733a313a2231223b6c6f6761646f7c623a313b),
('73e37e2edb885e864492bae6f66b60b2b7406768', '127.0.0.1', 1443492476, 0x5f5f63695f6c6173745f726567656e65726174657c693a313434333439323139393b7573756172696f7c733a313a2239223b73656e68617c733a31343a2266756e63696f6e6172696f2e3031223b7374617475737c733a313a2231223b7469706f7c733a313a2231223b6c6f6761646f7c623a313b),
('746cb77acab293ba23541e46dbd1756d3affe809', '127.0.0.1', 1445362129, 0x5f5f63695f6c6173745f726567656e65726174657c693a313434353336313833333b7573756172696f7c733a323a223130223b73656e68617c733a31343a2266756e63696f6e6172696f2e3032223b7374617475737c733a313a2231223b7469706f7c733a313a2232223b6c6f6761646f7c623a313b),
('74a1a64828b675c13b6f02ea06a598abd380f8a1', '127.0.0.1', 1443410491, 0x5f5f63695f6c6173745f726567656e65726174657c693a313434333431303231323b),
('7581ea2e9db89be98fa55c3fda54300ff4c34ff8', '127.0.0.1', 1444665665, 0x5f5f63695f6c6173745f726567656e65726174657c693a313434343636353432303b7573756172696f7c733a323a223130223b73656e68617c733a31343a2266756e63696f6e6172696f2e3032223b7374617475737c733a313a2231223b7469706f7c733a313a2232223b6c6f6761646f7c623a313b),
('75be295a188181da181e6d62044f880478c0d3df', '127.0.0.1', 1443290078, 0x5f5f63695f6c6173745f726567656e65726174657c693a313434333238393937383b7573756172696f7c733a313a2239223b73656e68617c733a31343a2266756e63696f6e6172696f2e3031223b7374617475737c733a313a2231223b7469706f7c733a313a2231223b6c6f6761646f7c623a313b),
('7736c4db190c4d768f82166d47a16527e0fa195c', '127.0.0.1', 1443202985, 0x5f5f63695f6c6173745f726567656e65726174657c693a313434333230323834363b7573756172696f7c733a313a2232223b73656e68617c733a373a226c657469636961223b7374617475737c733a313a2231223b6c6f6761646f7c623a313b),
('78643bfc8c60968bca62958e0fec1bce0c2607bc', '127.0.0.1', 1443494506, 0x5f5f63695f6c6173745f726567656e65726174657c693a313434333439343237333b7573756172696f7c733a313a2239223b73656e68617c733a31343a2266756e63696f6e6172696f2e3031223b7374617475737c733a313a2231223b7469706f7c733a313a2231223b6c6f6761646f7c623a313b),
('78cd3ff56e471e1ab38f3832c5516cc611010f75', '127.0.0.1', 1444754453, 0x5f5f63695f6c6173745f726567656e65726174657c693a313434343735343339373b7573756172696f7c733a323a223130223b73656e68617c733a31343a2266756e63696f6e6172696f2e3032223b7374617475737c733a313a2231223b7469706f7c733a313a2232223b6c6f6761646f7c623a313b),
('78d84130ffeb041abf2d76bee5314c1ae966edc1', '127.0.0.1', 1443640086, 0x5f5f63695f6c6173745f726567656e65726174657c693a313434333633393739383b7573756172696f7c733a313a2239223b73656e68617c733a31343a2266756e63696f6e6172696f2e3031223b7374617475737c733a313a2231223b7469706f7c733a313a2231223b6c6f6761646f7c623a313b),
('78dc505f2bffca07cfd566bdd077aa79a58a2ce3', '127.0.0.1', 1445094687, 0x5f5f63695f6c6173745f726567656e65726174657c693a313434353039343435343b7573756172696f7c733a323a223130223b73656e68617c733a31343a2266756e63696f6e6172696f2e3032223b7374617475737c733a313a2231223b7469706f7c733a313a2232223b6c6f6761646f7c623a313b),
('799e1b4f35d1e69cc9573e8d98d57399f4cde078', '127.0.0.1', 1443839222, 0x5f5f63695f6c6173745f726567656e65726174657c693a313434333833393232313b),
('79dcdfd351df2d3c3cc73123f5af3343ac3551fb', '127.0.0.1', 1445096836, 0x5f5f63695f6c6173745f726567656e65726174657c693a313434353039363636353b7573756172696f7c733a323a223130223b73656e68617c733a31343a2266756e63696f6e6172696f2e3032223b7374617475737c733a313a2231223b7469706f7c733a313a2232223b6c6f6761646f7c623a313b),
('7a2ac051b44c9e0c6631910016a9cd6ad451e2fa', '127.0.0.1', 1444853329, 0x5f5f63695f6c6173745f726567656e65726174657c693a313434343835333137313b7573756172696f7c733a323a223130223b73656e68617c733a31343a2266756e63696f6e6172696f2e3032223b7374617475737c733a313a2231223b7469706f7c733a313a2232223b6c6f6761646f7c623a313b),
('7a47f85ebfcbda51cd29aec243b4192f4a3b367b', '127.0.0.1', 1443638937, 0x5f5f63695f6c6173745f726567656e65726174657c693a313434333633383830313b7573756172696f7c733a313a2239223b73656e68617c733a31343a2266756e63696f6e6172696f2e3031223b7374617475737c733a313a2231223b7469706f7c733a313a2231223b6c6f6761646f7c623a313b),
('7aa952a526fd40275ba28455623ff195c44b20d2', '127.0.0.1', 1444066605, 0x5f5f63695f6c6173745f726567656e65726174657c693a313434343036363335333b7573756172696f7c733a313a2239223b73656e68617c733a31343a2266756e63696f6e6172696f2e3031223b7374617475737c733a313a2231223b7469706f7c733a313a2231223b6c6f6761646f7c623a313b),
('7c19b5ffc8f53d43fc7333f712808bb862a49f0a', '127.0.0.1', 1443890877, 0x5f5f63695f6c6173745f726567656e65726174657c693a313434333839303630343b7573756172696f7c733a313a2239223b73656e68617c733a31343a2266756e63696f6e6172696f2e3031223b7374617475737c733a313a2231223b7469706f7c733a313a2231223b6c6f6761646f7c623a313b),
('7c96cbabb77d91c7ab896d48dc324e5be5e4d4af', '127.0.0.1', 1444754028, 0x5f5f63695f6c6173745f726567656e65726174657c693a313434343735333737303b7573756172696f7c733a323a223130223b73656e68617c733a31343a2266756e63696f6e6172696f2e3032223b7374617475737c733a313a2231223b7469706f7c733a313a2232223b6c6f6761646f7c623a313b),
('7dbe36d246a7ed6d2c68acd2a7ee7bc8403ccc74', '127.0.0.1', 1444961883, 0x5f5f63695f6c6173745f726567656e65726174657c693a313434343936313730383b7573756172696f7c733a323a223130223b73656e68617c733a31343a2266756e63696f6e6172696f2e3032223b7374617475737c733a313a2231223b7469706f7c733a313a2232223b6c6f6761646f7c623a313b),
('7de2a1e87c42208918e9262541c307671fc9cb40', '127.0.0.1', 1444876073, 0x5f5f63695f6c6173745f726567656e65726174657c693a313434343837353835313b7573756172696f7c733a323a223130223b73656e68617c733a31343a2266756e63696f6e6172696f2e3032223b7374617475737c733a313a2231223b7469706f7c733a313a2232223b6c6f6761646f7c623a313b),
('7eae737ac55adc50ff61b287a96e602a8d540a61', '127.0.0.1', 1443894472, 0x5f5f63695f6c6173745f726567656e65726174657c693a313434333839343339323b7573756172696f7c733a313a2239223b73656e68617c733a31343a2266756e63696f6e6172696f2e3031223b7374617475737c733a313a2231223b7469706f7c733a313a2231223b6c6f6761646f7c623a313b6f6b7c733a32333a224361646173747261646f20636f6d207375636573736f21223b5f5f63695f766172737c613a313a7b733a323a226f6b223b733a333a226f6c64223b7d),
('7eb868098916919baa6530baa04ea5d1dc5b2710', '127.0.0.1', 1443841220, 0x5f5f63695f6c6173745f726567656e65726174657c693a313434333834313030303b7573756172696f7c733a313a2239223b73656e68617c733a31343a2266756e63696f6e6172696f2e3031223b7374617475737c733a313a2231223b7469706f7c733a313a2231223b6c6f6761646f7c623a313b),
('7ed4e0fe94d972c6b001923ba92accf5a96afb7a', '127.0.0.1', 1445364669, 0x5f5f63695f6c6173745f726567656e65726174657c693a313434353336343433363b7573756172696f7c733a313a2239223b73656e68617c733a31343a2266756e63696f6e6172696f2e3031223b7374617475737c733a313a2231223b7469706f7c733a313a2231223b6c6f6761646f7c623a313b),
('7fef6ca33208777f3360302295c20a2cdaa5d188', '127.0.0.1', 1445105495, 0x5f5f63695f6c6173745f726567656e65726174657c693a313434353130353234393b7573756172696f7c733a323a223130223b73656e68617c733a31343a2266756e63696f6e6172696f2e3032223b7374617475737c733a313a2231223b7469706f7c733a313a2232223b6c6f6761646f7c623a313b),
('7ffb4da012cbae3fde4f6a2e199b23cad7462b2d', '127.0.0.1', 1443293040, 0x5f5f63695f6c6173745f726567656e65726174657c693a313434333239333033393b7573756172696f7c733a313a2239223b73656e68617c733a31343a2266756e63696f6e6172696f2e3031223b7374617475737c733a313a2231223b7469706f7c733a313a2231223b6c6f6761646f7c623a313b),
('805f094e0eeff0066ac55bd8009fc216d6f54d73', '127.0.0.1', 1444960211, 0x5f5f63695f6c6173745f726567656e65726174657c693a313434343936303133393b7573756172696f7c733a323a223130223b73656e68617c733a31343a2266756e63696f6e6172696f2e3032223b7374617475737c733a313a2231223b7469706f7c733a313a2232223b6c6f6761646f7c623a313b),
('807148a8e2e5d1c311a7a74d46a7f7aac8554b1a', '127.0.0.1', 1443842997, 0x5f5f63695f6c6173745f726567656e65726174657c693a313434333834323730313b7573756172696f7c733a313a2239223b73656e68617c733a31343a2266756e63696f6e6172696f2e3031223b7374617475737c733a313a2231223b7469706f7c733a313a2231223b6c6f6761646f7c623a313b),
('80fdede16422bfd69c4eb10dba45e033e70de71f', '127.0.0.1', 1443305066, 0x5f5f63695f6c6173745f726567656e65726174657c693a313434333330353035323b7573756172696f7c733a313a2239223b73656e68617c733a31343a2266756e63696f6e6172696f2e3031223b7374617475737c733a313a2231223b7469706f7c733a313a2231223b6c6f6761646f7c623a313b),
('811bbcd92d8a9581f8c2169e2e1791721fe7ff45', '127.0.0.1', 1445362426, 0x5f5f63695f6c6173745f726567656e65726174657c693a313434353336323133363b7573756172696f7c733a323a223130223b73656e68617c733a31343a2266756e63696f6e6172696f2e3032223b7374617475737c733a313a2231223b7469706f7c733a313a2232223b6c6f6761646f7c623a313b),
('8235d41f438a23bc598c1d37041de1dffb1a8c52', '127.0.0.1', 1443147466, 0x5f5f63695f6c6173745f726567656e65726174657c693a313434333134373231383b7573756172696f7c733a313a2231223b73656e68617c733a353a2261646d696e223b7374617475737c733a313a2231223b6c6f6761646f7c623a313b),
('8238e6a0b4ba214fe6afeaeeabcac35ef7ea93c0', '127.0.0.1', 1445194745, 0x5f5f63695f6c6173745f726567656e65726174657c693a313434353139343438303b7573756172696f7c733a323a223130223b73656e68617c733a31343a2266756e63696f6e6172696f2e3032223b7374617475737c733a313a2231223b7469706f7c733a313a2232223b6c6f6761646f7c623a313b),
('8292fb321157ce247b411993dd636e26a8e84cce', '127.0.0.1', 1445130589, 0x5f5f63695f6c6173745f726567656e65726174657c693a313434353133303330363b7573756172696f7c733a323a223130223b73656e68617c733a31343a2266756e63696f6e6172696f2e3032223b7374617475737c733a313a2231223b7469706f7c733a313a2232223b6c6f6761646f7c623a313b),
('82e1f232ca80a5fea4f91441daa5c411f9ebe58a', '127.0.0.1', 1443410822, 0x5f5f63695f6c6173745f726567656e65726174657c693a313434333431303533313b),
('83fe1a59e7c0daad512555f30075ae4c6047dbdd', '127.0.0.1', 1445193381, 0x5f5f63695f6c6173745f726567656e65726174657c693a313434353139333131303b7573756172696f7c733a323a223130223b73656e68617c733a31343a2266756e63696f6e6172696f2e3032223b7374617475737c733a313a2231223b7469706f7c733a313a2232223b6c6f6761646f7c623a313b),
('8531047ee4f4d94e4cc0611254dabae6d10008af', '127.0.0.1', 1443376259, 0x5f5f63695f6c6173745f726567656e65726174657c693a313434333337363033313b7573756172696f7c733a313a2239223b73656e68617c733a31343a2266756e63696f6e6172696f2e3031223b7374617475737c733a313a2231223b7469706f7c733a313a2231223b6c6f6761646f7c623a313b),
('86e3030c2cc055373d782bada4b9410099303a9f', '127.0.0.1', 1444856657, 0x5f5f63695f6c6173745f726567656e65726174657c693a313434343835363336353b7573756172696f7c733a323a223130223b73656e68617c733a31343a2266756e63696f6e6172696f2e3032223b7374617475737c733a313a2231223b7469706f7c733a313a2232223b6c6f6761646f7c623a313b6f6b7c733a31393a224564697461646f20636f6d207375636573736f223b5f5f63695f766172737c613a313a7b733a323a226f6b223b733a333a226f6c64223b7d),
('88e2c35a9d34bdccdaac941f65dbf0cc4ad0645f', '127.0.0.1', 1445193034, 0x5f5f63695f6c6173745f726567656e65726174657c693a313434353139323737303b7573756172696f7c733a323a223130223b73656e68617c733a31343a2266756e63696f6e6172696f2e3032223b7374617475737c733a313a2231223b7469706f7c733a313a2232223b6c6f6761646f7c623a313b),
('8badeed2ad8368169da7885edf37e09565ad8869', '127.0.0.1', 1445546882, 0x5f5f63695f6c6173745f726567656e65726174657c693a313434353534363632303b7573756172696f7c733a323a223130223b73656e68617c733a31343a2266756e63696f6e6172696f2e3032223b7374617475737c733a313a2231223b7469706f7c733a313a2232223b6c6f6761646f7c623a313b),
('8c4e5f99d6c07f1f78671f5a0bc9a35b79e9323a', '127.0.0.1', 1445363185, 0x5f5f63695f6c6173745f726567656e65726174657c693a313434353336323930363b7573756172696f7c733a323a223130223b73656e68617c733a31343a2266756e63696f6e6172696f2e3032223b7374617475737c733a313a2231223b7469706f7c733a313a2232223b6c6f6761646f7c623a313b),
('8cc902d9dc8273c1707f3d18fb76a465e75fd868', '127.0.0.1', 1443495802, 0x5f5f63695f6c6173745f726567656e65726174657c693a313434333439353531323b7573756172696f7c733a313a2239223b73656e68617c733a31343a2266756e63696f6e6172696f2e3031223b7374617475737c733a313a2231223b7469706f7c733a313a2231223b6c6f6761646f7c623a313b),
('8d1489b297e7c32e184254b45d4cbb134e6f87b5', '127.0.0.1', 1443145308, 0x5f5f63695f6c6173745f726567656e65726174657c693a313434333134353238393b7573756172696f7c733a313a2231223b73656e68617c733a353a2261646d696e223b7374617475737c733a313a2231223b6c6f6761646f7c623a313b),
('8febc12ea1a6725df9a57f6da10ec1db12f9524f', '127.0.0.1', 1443493909, 0x5f5f63695f6c6173745f726567656e65726174657c693a313434333439333633393b7573756172696f7c733a313a2239223b73656e68617c733a31343a2266756e63696f6e6172696f2e3031223b7374617475737c733a313a2231223b7469706f7c733a313a2231223b6c6f6761646f7c623a313b),
('91561eacf24bd3ed4a5a0c9d1cb905f075f8ad19', '127.0.0.1', 1444854154, 0x5f5f63695f6c6173745f726567656e65726174657c693a313434343835343132363b7573756172696f7c733a323a223130223b73656e68617c733a31343a2266756e63696f6e6172696f2e3032223b7374617475737c733a313a2231223b7469706f7c733a313a2232223b6c6f6761646f7c623a313b),
('919e5a50e9ddcdb6f642ab9c95344b58e4675c31', '127.0.0.1', 1443887977, 0x5f5f63695f6c6173745f726567656e65726174657c693a313434333838373737373b7573756172696f7c733a313a2239223b73656e68617c733a31343a2266756e63696f6e6172696f2e3031223b7374617475737c733a313a2231223b7469706f7c733a313a2231223b6c6f6761646f7c623a313b),
('921b1812b44e047d514438e9e72aefe53592913a', '127.0.0.1', 1444934087, 0x5f5f63695f6c6173745f726567656e65726174657c693a313434343933333831373b7573756172696f7c733a323a223130223b73656e68617c733a31343a2266756e63696f6e6172696f2e3032223b7374617475737c733a313a2231223b7469706f7c733a313a2232223b6c6f6761646f7c623a313b),
('92b1f19e331e75eab5e6e6eae840b06bc35eaa50', '127.0.0.1', 1444856039, 0x5f5f63695f6c6173745f726567656e65726174657c693a313434343835353734353b7573756172696f7c733a323a223130223b73656e68617c733a31343a2266756e63696f6e6172696f2e3032223b7374617475737c733a313a2231223b7469706f7c733a313a2232223b6c6f6761646f7c623a313b),
('936aa002fc5aa1062915afefe3f92acab88dcf31', '127.0.0.1', 1445129431, 0x5f5f63695f6c6173745f726567656e65726174657c693a313434353132393236313b7573756172696f7c733a323a223130223b73656e68617c733a31343a2266756e63696f6e6172696f2e3032223b7374617475737c733a313a2231223b7469706f7c733a313a2232223b6c6f6761646f7c623a313b),
('93b06844fec3abd0adde7dd3165eb01105b76592', '127.0.0.1', 1445193690, 0x5f5f63695f6c6173745f726567656e65726174657c693a313434353139333431373b7573756172696f7c733a323a223130223b73656e68617c733a31343a2266756e63696f6e6172696f2e3032223b7374617475737c733a313a2231223b7469706f7c733a313a2232223b6c6f6761646f7c623a313b),
('95197128aeb85c1f30bfa4a2a1eb4c33f4917109', '127.0.0.1', 1443408160, 0x5f5f63695f6c6173745f726567656e65726174657c693a313434333430383135393b),
('96d95a457b2f5d187a4cb388009aef3b81db5c4f', '127.0.0.1', 1443143640, 0x5f5f63695f6c6173745f726567656e65726174657c693a313434333134333430313b7573756172696f7c733a313a2231223b73656e68617c733a353a2261646d696e223b7374617475737c733a313a2231223b6c6f6761646f7c623a313b),
('9705209b8d88fe06fa3cb5f7e7e5ab715b9b6367', '127.0.0.1', 1443577041, 0x5f5f63695f6c6173745f726567656e65726174657c693a313434333537363931333b7573756172696f7c733a313a2239223b73656e68617c733a31343a2266756e63696f6e6172696f2e3031223b7374617475737c733a313a2231223b7469706f7c733a313a2231223b6c6f6761646f7c623a313b),
('97173d28654e9213bc251932187e4d9f9b184e30', '127.0.0.1', 1443841610, 0x5f5f63695f6c6173745f726567656e65726174657c693a313434333834313631303b7573756172696f7c733a313a2239223b73656e68617c733a31343a2266756e63696f6e6172696f2e3031223b7374617475737c733a313a2231223b7469706f7c733a313a2231223b6c6f6761646f7c623a313b),
('97683e5549c13a3e9308c24f6d3c345b7f160614', '127.0.0.1', 1444074875, 0x5f5f63695f6c6173745f726567656e65726174657c693a313434343037343539383b7573756172696f7c733a313a2239223b73656e68617c733a31343a2266756e63696f6e6172696f2e3031223b7374617475737c733a313a2231223b7469706f7c733a313a2231223b6c6f6761646f7c623a313b),
('976fb8904469ce536854230d19e6e9b78dfee600', '127.0.0.1', 1445129243, 0x5f5f63695f6c6173745f726567656e65726174657c693a313434353132383935343b7573756172696f7c733a323a223130223b73656e68617c733a31343a2266756e63696f6e6172696f2e3032223b7374617475737c733a313a2231223b7469706f7c733a313a2232223b6c6f6761646f7c623a313b),
('98370a3c09ff58043f6ec84970b3925e1cd181df', '127.0.0.1', 1444098090, 0x5f5f63695f6c6173745f726567656e65726174657c693a313434343039373936393b7573756172696f7c733a313a2239223b73656e68617c733a31343a2266756e63696f6e6172696f2e3031223b7374617475737c733a313a2231223b7469706f7c733a313a2231223b6c6f6761646f7c623a313b6f6b7c733a31393a224564697461646f20636f6d207375636573736f223b5f5f63695f766172737c613a313a7b733a323a226f6b223b733a333a226f6c64223b7d),
('9899874cdccad8db5bc34d3a87a9115ea56deb57', '127.0.0.1', 1444071227, 0x5f5f63695f6c6173745f726567656e65726174657c693a313434343037313134383b7573756172696f7c733a313a2239223b73656e68617c733a31343a2266756e63696f6e6172696f2e3031223b7374617475737c733a313a2231223b7469706f7c733a313a2231223b6c6f6761646f7c623a313b),
('98dd680e867f9b0c9ee0fd373c7a346d48e1db80', '127.0.0.1', 1444094613, 0x5f5f63695f6c6173745f726567656e65726174657c693a313434343039343630383b7573756172696f7c733a313a2239223b73656e68617c733a31343a2266756e63696f6e6172696f2e3031223b7374617475737c733a313a2231223b7469706f7c733a313a2231223b6c6f6761646f7c623a313b),
('98ee9f479073536086ef74456cf43bf24f178e46', '127.0.0.1', 1443203842, 0x5f5f63695f6c6173745f726567656e65726174657c693a313434333230333730353b7573756172696f7c733a323a223130223b73656e68617c733a31343a2266756e63696f6e6172696f2e3032223b7374617475737c733a313a2231223b6c6f6761646f7c623a313b),
('995e4f849f5684046f71ed437c1d318af5af9a90', '127.0.0.1', 1445104553, 0x5f5f63695f6c6173745f726567656e65726174657c693a313434353130343237313b7573756172696f7c733a323a223130223b73656e68617c733a31343a2266756e63696f6e6172696f2e3032223b7374617475737c733a313a2231223b7469706f7c733a313a2232223b6c6f6761646f7c623a313b6572726f7c733a32383a224e6f74612046697363616c206ec3a36f20656e636f6e747261646121223b5f5f63695f766172737c613a313a7b733a343a226572726f223b733a333a226f6c64223b7d),
('99b3e8378580ca0ed0a36fa9347d91edaa054c68', '127.0.0.1', 1443843388, 0x5f5f63695f6c6173745f726567656e65726174657c693a313434333834333330383b7573756172696f7c733a313a2239223b73656e68617c733a31343a2266756e63696f6e6172696f2e3031223b7374617475737c733a313a2231223b7469706f7c733a313a2231223b6c6f6761646f7c623a313b),
('99fc7eb8e5828dd24daf73413be8289cfb2e6bdc', '127.0.0.1', 1444767302, 0x5f5f63695f6c6173745f726567656e65726174657c693a313434343736373137383b7573756172696f7c733a323a223130223b73656e68617c733a31343a2266756e63696f6e6172696f2e3032223b7374617475737c733a313a2231223b7469706f7c733a313a2232223b6c6f6761646f7c623a313b),
('9a22d860ffe61469c663b5c4662773410ffbaceb', '127.0.0.1', 1443200663, 0x5f5f63695f6c6173745f726567656e65726174657c693a313434333230303636323b),
('9a6ba7d1e5b15f01cdd20b63059ff5966a2766f3', '127.0.0.1', 1445126002, 0x5f5f63695f6c6173745f726567656e65726174657c693a313434353132353831353b7573756172696f7c733a323a223130223b73656e68617c733a31343a2266756e63696f6e6172696f2e3032223b7374617475737c733a313a2231223b7469706f7c733a313a2232223b6c6f6761646f7c623a313b6572726f7c733a32383a224e6f74612046697363616c206ec3a36f20656e636f6e747261646121223b5f5f63695f766172737c613a313a7b733a343a226572726f223b733a333a226f6c64223b7d),
('9a90292dc9491c84b7af758d5e2c953ab387fc41', '127.0.0.1', 1444933324, 0x5f5f63695f6c6173745f726567656e65726174657c693a313434343933333039353b7573756172696f7c733a323a223130223b73656e68617c733a31343a2266756e63696f6e6172696f2e3032223b7374617475737c733a313a2231223b7469706f7c733a313a2232223b6c6f6761646f7c623a313b),
('9aa5fcfc8c0bb84c64abf8f4a4331050d9732d47', '127.0.0.1', 1444071056, 0x5f5f63695f6c6173745f726567656e65726174657c693a313434343037303832303b7573756172696f7c733a313a2239223b73656e68617c733a31343a2266756e63696f6e6172696f2e3031223b7374617475737c733a313a2231223b7469706f7c733a313a2231223b6c6f6761646f7c623a313b),
('9b55b0026cd2a9831f3a17123ab977dc58599090', '127.0.0.1', 1443891918, 0x5f5f63695f6c6173745f726567656e65726174657c693a313434333839313836323b7573756172696f7c733a313a2239223b73656e68617c733a31343a2266756e63696f6e6172696f2e3031223b7374617475737c733a313a2231223b7469706f7c733a313a2231223b6c6f6761646f7c623a313b),
('9bd048851a651ff3e73b0c629312981216fa70f5', '127.0.0.1', 1445107365, 0x5f5f63695f6c6173745f726567656e65726174657c693a313434353130373237333b7573756172696f7c733a323a223130223b73656e68617c733a31343a2266756e63696f6e6172696f2e3032223b7374617475737c733a313a2231223b7469706f7c733a313a2232223b6c6f6761646f7c623a313b6572726f7c733a32383a224e6f74612046697363616c206ec3a36f20656e636f6e747261646121223b5f5f63695f766172737c613a313a7b733a343a226572726f223b733a333a226f6c64223b7d),
('9dd8b4ca5bde21819758c7fa1c238e0c81ef8fea', '127.0.0.1', 1443148543, 0x5f5f63695f6c6173745f726567656e65726174657c693a313434333134383236323b7573756172696f7c733a313a2231223b73656e68617c733a353a2261646d696e223b7374617475737c733a313a2231223b6c6f6761646f7c623a313b),
('9f80cafe17023d6904cbaa6f0258670b64e8b265', '127.0.0.1', 1444851754, 0x5f5f63695f6c6173745f726567656e65726174657c693a313434343835313534353b7573756172696f7c733a323a223130223b73656e68617c733a31343a2266756e63696f6e6172696f2e3032223b7374617475737c733a313a2231223b7469706f7c733a313a2232223b6c6f6761646f7c623a313b),
('a01092581b4a4b4b180ca795e9a4baf6a3dec927', '127.0.0.1', 1445474971, 0x5f5f63695f6c6173745f726567656e65726174657c693a313434353437343936393b7573756172696f7c733a323a223130223b73656e68617c733a31343a2266756e63696f6e6172696f2e3032223b7374617475737c733a313a2231223b7469706f7c733a313a2232223b6c6f6761646f7c623a313b),
('a0c8e356c1cb368153de81511d994b788be09135', '127.0.0.1', 1443277795, 0x5f5f63695f6c6173745f726567656e65726174657c693a313434333237373631323b7573756172696f7c733a313a2239223b73656e68617c733a31343a2266756e63696f6e6172696f2e3031223b7374617475737c733a313a2231223b7469706f7c733a313a2231223b6c6f6761646f7c623a313b),
('a18c4ce5455763843da5460f062568d7620db141', '127.0.0.1', 1443128498, 0x5f5f63695f6c6173745f726567656e65726174657c693a313434333132383330373b7573756172696f7c733a313a2231223b73656e68617c733a353a2261646d696e223b7374617475737c733a313a2231223b6c6f6761646f7c623a313b),
('a1deebb6928fce344730b6c031ad6da18220af03', '127.0.0.1', 1444877376, 0x5f5f63695f6c6173745f726567656e65726174657c693a313434343837373337363b7573756172696f7c733a323a223130223b73656e68617c733a31343a2266756e63696f6e6172696f2e3032223b7374617475737c733a313a2231223b7469706f7c733a313a2232223b6c6f6761646f7c623a313b),
('a21cb9961a58550f632ac5391ff2eb3a5e6adce9', '127.0.0.1', 1443495458, 0x5f5f63695f6c6173745f726567656e65726174657c693a313434333439353137373b7573756172696f7c733a313a2239223b73656e68617c733a31343a2266756e63696f6e6172696f2e3031223b7374617475737c733a313a2231223b7469706f7c733a313a2231223b6c6f6761646f7c623a313b),
('a2e212ad7ba0dbda0dd5d2fafb34d0ffef33c051', '127.0.0.1', 1444071630, 0x5f5f63695f6c6173745f726567656e65726174657c693a313434343037313533313b7573756172696f7c733a313a2239223b73656e68617c733a31343a2266756e63696f6e6172696f2e3031223b7374617475737c733a313a2231223b7469706f7c733a313a2231223b6c6f6761646f7c623a313b),
('a37b46eae867a6e31a0906e4adbb5c03f874fe95', '127.0.0.1', 1444076855, 0x5f5f63695f6c6173745f726567656e65726174657c693a313434343037363538363b7573756172696f7c733a313a2239223b73656e68617c733a31343a2266756e63696f6e6172696f2e3031223b7374617475737c733a313a2231223b7469706f7c733a313a2231223b6c6f6761646f7c623a313b),
('a4ad30f6c4a7d3ca0b73221b4e8f51e53d7b9279', '127.0.0.1', 1445108746, 0x5f5f63695f6c6173745f726567656e65726174657c693a313434353130383434383b7573756172696f7c733a323a223130223b73656e68617c733a31343a2266756e63696f6e6172696f2e3032223b7374617475737c733a313a2231223b7469706f7c733a313a2232223b6c6f6761646f7c623a313b6572726f7c733a32383a224e6f74612046697363616c206ec3a36f20656e636f6e747261646121223b5f5f63695f766172737c613a313a7b733a343a226572726f223b733a333a226f6c64223b7d),
('a4c33d7562633f3cd5d91b7c30fa3cbfcf24a7b0', '127.0.0.1', 1443633752, 0x5f5f63695f6c6173745f726567656e65726174657c693a313434333633333538343b7573756172696f7c733a313a2239223b73656e68617c733a31343a2266756e63696f6e6172696f2e3031223b7374617475737c733a313a2231223b7469706f7c733a313a2231223b6c6f6761646f7c623a313b),
('a59794ae8a0c7d8d0253d5b339aeba5b318a6699', '127.0.0.1', 1444070709, 0x5f5f63695f6c6173745f726567656e65726174657c693a313434343037303531383b7573756172696f7c733a313a2239223b73656e68617c733a31343a2266756e63696f6e6172696f2e3031223b7374617475737c733a313a2231223b7469706f7c733a313a2231223b6c6f6761646f7c623a313b),
('a79e1aa836a08cfbcdd1170d4253393f0ebc42d2', '127.0.0.1', 1445128147, 0x5f5f63695f6c6173745f726567656e65726174657c693a313434353132373930303b7573756172696f7c733a323a223130223b73656e68617c733a31343a2266756e63696f6e6172696f2e3032223b7374617475737c733a313a2231223b7469706f7c733a313a2232223b6c6f6761646f7c623a313b6f6b7c733a32363a224974656d20696e73657269646f20636f6d207375636573736f21223b5f5f63695f766172737c613a313a7b733a323a226f6b223b733a333a226e6577223b7d),
('a972b3f62d154511d482f85910aa7ba77ef08fd8', '127.0.0.1', 1445032079, 0x5f5f63695f6c6173745f726567656e65726174657c693a313434353033313738353b7573756172696f7c733a323a223130223b73656e68617c733a31343a2266756e63696f6e6172696f2e3032223b7374617475737c733a313a2231223b7469706f7c733a313a2232223b6c6f6761646f7c623a313b),
('aa66d478b1e9fe38e149f1546256b08dbec1bf5e', '127.0.0.1', 1445191912, 0x5f5f63695f6c6173745f726567656e65726174657c693a313434353139313930373b7573756172696f7c733a323a223130223b73656e68617c733a31343a2266756e63696f6e6172696f2e3032223b7374617475737c733a313a2231223b7469706f7c733a313a2232223b6c6f6761646f7c623a313b),
('aaa14680df382091a605b32b9d79168f4ae39495', '127.0.0.1', 1444076123, 0x5f5f63695f6c6173745f726567656e65726174657c693a313434343037353832383b7573756172696f7c733a313a2239223b73656e68617c733a31343a2266756e63696f6e6172696f2e3031223b7374617475737c733a313a2231223b7469706f7c733a313a2231223b6c6f6761646f7c623a313b),
('ab39d18874d03411c6d9562ccadb03382e5b63a6', '127.0.0.1', 1443239724, 0x5f5f63695f6c6173745f726567656e65726174657c693a313434333233393432373b7573756172696f7c733a313a2239223b73656e68617c733a31343a2266756e63696f6e6172696f2e3031223b7374617475737c733a313a2231223b7469706f7c733a313a2231223b6c6f6761646f7c623a313b),
('abf3594dc2421a8129d4228fb849db043680a375', '127.0.0.1', 1444858986, 0x5f5f63695f6c6173745f726567656e65726174657c693a313434343835383732373b7573756172696f7c733a323a223130223b73656e68617c733a31343a2266756e63696f6e6172696f2e3032223b7374617475737c733a313a2231223b7469706f7c733a313a2232223b6c6f6761646f7c623a313b),
('ac425f7d93e5f9cb15170e8fdb3e245a42087fca', '127.0.0.1', 1444857609, 0x5f5f63695f6c6173745f726567656e65726174657c693a313434343835373333343b7573756172696f7c733a323a223130223b73656e68617c733a31343a2266756e63696f6e6172696f2e3032223b7374617475737c733a313a2231223b7469706f7c733a313a2232223b6c6f6761646f7c623a313b),
('ad255ee8e96ff6f40f7193ab6d2cffc5bd074c58', '127.0.0.1', 1443576446, 0x5f5f63695f6c6173745f726567656e65726174657c693a313434333537363432313b7573756172696f7c733a313a2239223b73656e68617c733a31343a2266756e63696f6e6172696f2e3031223b7374617475737c733a313a2231223b7469706f7c733a313a2231223b6c6f6761646f7c623a313b),
('ad8257c912033d66de7d8c5a088c9d0600721036', '127.0.0.1', 1445462590, 0x5f5f63695f6c6173745f726567656e65726174657c693a313434353436323330333b7573756172696f7c733a323a223130223b73656e68617c733a31343a2266756e63696f6e6172696f2e3032223b7374617475737c733a313a2231223b7469706f7c733a313a2232223b6c6f6761646f7c623a313b6572726f7c733a32383a224e6f74612046697363616c206ec3a36f20656e636f6e747261646121223b5f5f63695f766172737c613a313a7b733a343a226572726f223b733a333a226f6c64223b7d),
('adeca3480714fd03cadb9dc20729fc257534fd49', '127.0.0.1', 1445122288, 0x5f5f63695f6c6173745f726567656e65726174657c693a313434353132323033333b7573756172696f7c733a323a223130223b73656e68617c733a31343a2266756e63696f6e6172696f2e3032223b7374617475737c733a313a2231223b7469706f7c733a313a2232223b6c6f6761646f7c623a313b),
('aedfbc11d7b683708fc42203ab7153d9c1cd3675', '127.0.0.1', 1444935174, 0x5f5f63695f6c6173745f726567656e65726174657c693a313434343933343930373b7573756172696f7c733a323a223130223b73656e68617c733a31343a2266756e63696f6e6172696f2e3032223b7374617475737c733a313a2231223b7469706f7c733a313a2232223b6c6f6761646f7c623a313b),
('af05f2fea168078412b0d35bc967e823b27715cf', '127.0.0.1', 1444939205, 0x5f5f63695f6c6173745f726567656e65726174657c693a313434343933393032333b7573756172696f7c733a323a223130223b73656e68617c733a31343a2266756e63696f6e6172696f2e3032223b7374617475737c733a313a2231223b7469706f7c733a313a2232223b6c6f6761646f7c623a313b),
('af53f41f2dccbcad784defae7562a6672bb2e0b8', '127.0.0.1', 1443408981, 0x5f5f63695f6c6173745f726567656e65726174657c693a313434333430383836363b),
('afb104491df07a6a696aef82166b828e964872bd', '127.0.0.1', 1445017549, 0x5f5f63695f6c6173745f726567656e65726174657c693a313434353031373534393b),
('b07502b6b683b076379d34d5463282edb20cff76', '127.0.0.1', 1443203650, 0x5f5f63695f6c6173745f726567656e65726174657c693a313434333230333335373b7573756172696f7c733a323a223130223b73656e68617c733a31343a2266756e63696f6e6172696f2e3032223b7374617475737c733a313a2231223b6c6f6761646f7c623a313b),
('b0bacc73dbdfa9eae2f97edcb26f9aa7d1a8bbab', '127.0.0.1', 1443128848, 0x5f5f63695f6c6173745f726567656e65726174657c693a313434333132383732303b7573756172696f7c733a313a2231223b73656e68617c733a353a2261646d696e223b7374617475737c733a313a2231223b6c6f6761646f7c623a313b),
('b0d37f21114f5f3b39cc4d4bea813df14d3a7288', '127.0.0.1', 1443201942, 0x5f5f63695f6c6173745f726567656e65726174657c693a313434333230313635353b7573756172696f7c733a313a2232223b73656e68617c733a373a226c657469636961223b7374617475737c733a313a2231223b6c6f6761646f7c623a313b),
('b26e37ecd079478a13055cd013d24facaf614fa5', '127.0.0.1', 1444932432, 0x5f5f63695f6c6173745f726567656e65726174657c693a313434343933323238383b7573756172696f7c733a323a223130223b73656e68617c733a31343a2266756e63696f6e6172696f2e3032223b7374617475737c733a313a2231223b7469706f7c733a313a2232223b6c6f6761646f7c623a313b),
('b40e099718715903ca18f94ee24197ba9b02efca', '127.0.0.1', 1443640780, 0x5f5f63695f6c6173745f726567656e65726174657c693a313434333634303439373b7573756172696f7c733a313a2239223b73656e68617c733a31343a2266756e63696f6e6172696f2e3031223b7374617475737c733a313a2231223b7469706f7c733a313a2231223b6c6f6761646f7c623a313b),
('b4407632dd76b17f44563a9f52c492c78ab247df', '127.0.0.1', 1443638496, 0x5f5f63695f6c6173745f726567656e65726174657c693a313434333633383439343b7573756172696f7c733a313a2239223b73656e68617c733a31343a2266756e63696f6e6172696f2e3031223b7374617475737c733a313a2231223b7469706f7c733a313a2231223b6c6f6761646f7c623a313b),
('b529e197fc37fb2f54e4908ea6c9e03ecacbddb1', '127.0.0.1', 1444076209, 0x5f5f63695f6c6173745f726567656e65726174657c693a313434343037363230393b7573756172696f7c733a313a2239223b73656e68617c733a31343a2266756e63696f6e6172696f2e3031223b7374617475737c733a313a2231223b7469706f7c733a313a2231223b6c6f6761646f7c623a313b),
('b82d3e667a09c45e38e33fde5f8a7a50ed1a84b0', '127.0.0.1', 1444664894, 0x5f5f63695f6c6173745f726567656e65726174657c693a313434343636343539383b7573756172696f7c733a323a223130223b73656e68617c733a31343a2266756e63696f6e6172696f2e3032223b7374617475737c733a313a2231223b7469706f7c733a313a2232223b6c6f6761646f7c623a313b),
('b86273673903f8ba505864d425f971f6e784aadc', '127.0.0.1', 1443377734, 0x5f5f63695f6c6173745f726567656e65726174657c693a313434333337373438343b7573756172696f7c733a313a2239223b73656e68617c733a31343a2266756e63696f6e6172696f2e3031223b7374617475737c733a313a2231223b7469706f7c733a313a2231223b6c6f6761646f7c623a313b),
('b978b555e4318a567e2eca89eec9b6b679fdbcb0', '127.0.0.1', 1444959818, 0x5f5f63695f6c6173745f726567656e65726174657c693a313434343935393532343b7573756172696f7c733a323a223130223b73656e68617c733a31343a2266756e63696f6e6172696f2e3032223b7374617475737c733a313a2231223b7469706f7c733a313a2232223b6c6f6761646f7c623a313b),
('b99037ef397cf4677d695c53c4d8f40756592f0c', '127.0.0.1', 1443240910, 0x5f5f63695f6c6173745f726567656e65726174657c693a313434333234303930383b7573756172696f7c733a313a2239223b73656e68617c733a31343a2266756e63696f6e6172696f2e3031223b7374617475737c733a313a2231223b7469706f7c733a313a2231223b6c6f6761646f7c623a313b),
('b9c7b47b942f2049fddff4c6d77276e434867c02', '127.0.0.1', 1443407406, 0x5f5f63695f6c6173745f726567656e65726174657c693a313434333430373236393b),
('ba1e525d12b8f46fef696a5b15fff0f260ea8065', '127.0.0.1', 1445365673, 0x5f5f63695f6c6173745f726567656e65726174657c693a313434353336353431333b7573756172696f7c733a313a2239223b73656e68617c733a31343a2266756e63696f6e6172696f2e3031223b7374617475737c733a313a2231223b7469706f7c733a313a2231223b6c6f6761646f7c623a313b),
('ba358e52dff1f198929fb8b8cbc8d65140fd5fe7', '127.0.0.1', 1443634526, 0x5f5f63695f6c6173745f726567656e65726174657c693a313434333633343337383b7573756172696f7c733a313a2239223b73656e68617c733a31343a2266756e63696f6e6172696f2e3031223b7374617475737c733a313a2231223b7469706f7c733a313a2231223b6c6f6761646f7c623a313b),
('ba5102ece570c8cdf348e4904dcca902e1ac2400', '127.0.0.1', 1445105879, 0x5f5f63695f6c6173745f726567656e65726174657c693a313434353130353537393b7573756172696f7c733a323a223130223b73656e68617c733a31343a2266756e63696f6e6172696f2e3032223b7374617475737c733a313a2231223b7469706f7c733a313a2232223b6c6f6761646f7c623a313b),
('ba6eac7d4e0176ac1bacb6687d8ee760d500ec30', '127.0.0.1', 1443537904, 0x5f5f63695f6c6173745f726567656e65726174657c693a313434333533373636303b7573756172696f7c733a313a2239223b73656e68617c733a31343a2266756e63696f6e6172696f2e3031223b7374617475737c733a313a2231223b7469706f7c733a313a2231223b6c6f6761646f7c623a313b),
('ba9cccf0ed10d3bda17efd84dbb0e23fa26d4c03', '127.0.0.1', 1444852224, 0x5f5f63695f6c6173745f726567656e65726174657c693a313434343835313938313b7573756172696f7c733a323a223130223b73656e68617c733a31343a2266756e63696f6e6172696f2e3032223b7374617475737c733a313a2231223b7469706f7c733a313a2232223b6c6f6761646f7c623a313b),
('bb0f9d2a05200c05fc44b84152e64311cba42e6c', '127.0.0.1', 1443377047, 0x5f5f63695f6c6173745f726567656e65726174657c693a313434333337363834323b7573756172696f7c733a313a2239223b73656e68617c733a31343a2266756e63696f6e6172696f2e3031223b7374617475737c733a313a2231223b7469706f7c733a313a2231223b6c6f6761646f7c623a313b),
('bb967270d17e7d769d9a918bd0ea7920d8d0a33a', '127.0.0.1', 1443491288, 0x5f5f63695f6c6173745f726567656e65726174657c693a313434333439313237393b7573756172696f7c733a313a2239223b73656e68617c733a31343a2266756e63696f6e6172696f2e3031223b7374617475737c733a313a2231223b7469706f7c733a313a2231223b6c6f6761646f7c623a313b),
('bbf1703585c0ada8bbe6e66e8b9484b8395f21da', '127.0.0.1', 1443242012, 0x5f5f63695f6c6173745f726567656e65726174657c693a313434333234313836323b7573756172696f7c733a313a2239223b73656e68617c733a31343a2266756e63696f6e6172696f2e3031223b7374617475737c733a313a2231223b7469706f7c733a313a2231223b6c6f6761646f7c623a313b),
('bd43fe7539af068b55dbe26eddb2ffdf11ce7066', '127.0.0.1', 1444910953, 0x5f5f63695f6c6173745f726567656e65726174657c693a313434343931303837373b7573756172696f7c733a323a223130223b73656e68617c733a31343a2266756e63696f6e6172696f2e3032223b7374617475737c733a313a2231223b7469706f7c733a313a2232223b6c6f6761646f7c623a313b),
('bf18ddd04af722999c897338a62a1380c39a6594', '127.0.0.1', 1443280363, 0x5f5f63695f6c6173745f726567656e65726174657c693a313434333238303139393b7573756172696f7c733a313a2239223b73656e68617c733a31343a2266756e63696f6e6172696f2e3031223b7374617475737c733a313a2231223b7469706f7c733a313a2231223b6c6f6761646f7c623a313b6572726f7c733a31313a224855456855484555484555223b5f5f63695f766172737c613a313a7b733a343a226572726f223b733a333a226f6c64223b7d),
('bf605bbb5512ef4c9a067e895074d8bfc98f11bb', '127.0.0.1', 1444857189, 0x5f5f63695f6c6173745f726567656e65726174657c693a313434343835363938363b7573756172696f7c733a323a223130223b73656e68617c733a31343a2266756e63696f6e6172696f2e3032223b7374617475737c733a313a2231223b7469706f7c733a313a2232223b6c6f6761646f7c623a313b6f6b7c733a32383a2253746174757320616c74657261646f20636f6d207375636573736f21223b5f5f63695f766172737c613a313a7b733a323a226f6b223b733a333a226f6c64223b7d),
('c03ced68bd20a2df58653adf0b8326abf751553a', '127.0.0.1', 1445366959, 0x5f5f63695f6c6173745f726567656e65726174657c693a313434353336363839313b7573756172696f7c733a313a2239223b73656e68617c733a31343a2266756e63696f6e6172696f2e3031223b7374617475737c733a313a2231223b7469706f7c733a313a2231223b6c6f6761646f7c623a313b),
('c09d6fa68b82339619f544e44e318ce4516dd64d', '127.0.0.1', 1443240021, 0x5f5f63695f6c6173745f726567656e65726174657c693a313434333233393733373b7573756172696f7c733a313a2239223b73656e68617c733a31343a2266756e63696f6e6172696f2e3031223b7374617475737c733a313a2231223b7469706f7c733a313a2231223b6c6f6761646f7c623a313b),
('c0c66ba1d83712c8a7e5673107d8b2a32deb7910', '127.0.0.1', 1444752879, 0x5f5f63695f6c6173745f726567656e65726174657c693a313434343735323538323b7573756172696f7c733a323a223130223b73656e68617c733a31343a2266756e63696f6e6172696f2e3032223b7374617475737c733a313a2231223b7469706f7c733a313a2232223b6c6f6761646f7c623a313b),
('c123bca02f04538c575dcaa95c4fd929eeb38ab4', '127.0.0.1', 1443277842, 0x5f5f63695f6c6173745f726567656e65726174657c693a313434333237373831303b7573756172696f7c733a313a2239223b73656e68617c733a31343a2266756e63696f6e6172696f2e3031223b7374617475737c733a313a2231223b7469706f7c733a313a2231223b6c6f6761646f7c623a313b),
('c1685876f4c92ab1b84f1ac89dacdae62a187ddb', '127.0.0.1', 1443279518, 0x5f5f63695f6c6173745f726567656e65726174657c693a313434333237393232333b7573756172696f7c733a313a2239223b73656e68617c733a31343a2266756e63696f6e6172696f2e3031223b7374617475737c733a313a2231223b7469706f7c733a313a2231223b6c6f6761646f7c623a313b),
('c1c5c9a5518a4b5c581d6df74641297eec6c81cb', '127.0.0.1', 1444070377, 0x5f5f63695f6c6173745f726567656e65726174657c693a313434343037303137333b7573756172696f7c733a313a2239223b73656e68617c733a31343a2266756e63696f6e6172696f2e3031223b7374617475737c733a313a2231223b7469706f7c733a313a2231223b6c6f6761646f7c623a313b),
('c2b8be4c60872e723a0e9219f35f9e07a84e88ac', '127.0.0.1', 1445106159, 0x5f5f63695f6c6173745f726567656e65726174657c693a313434353130353838303b7573756172696f7c733a323a223130223b73656e68617c733a31343a2266756e63696f6e6172696f2e3032223b7374617475737c733a313a2231223b7469706f7c733a313a2232223b6c6f6761646f7c623a313b6572726f7c733a32383a224e6f74612046697363616c206ec3a36f20656e636f6e747261646121223b5f5f63695f766172737c613a313a7b733a343a226572726f223b733a333a226f6c64223b7d),
('c2d83ba7c19f9bc7c41bd23b04e0a7ab73bb38e0', '127.0.0.1', 1445118214, 0x5f5f63695f6c6173745f726567656e65726174657c693a313434353131383132313b7573756172696f7c733a323a223130223b73656e68617c733a31343a2266756e63696f6e6172696f2e3032223b7374617475737c733a313a2231223b7469706f7c733a313a2232223b6c6f6761646f7c623a313b),
('c4a58036d0c625ec58a4befd8b97bba07a23a525', '127.0.0.1', 1444768249, 0x5f5f63695f6c6173745f726567656e65726174657c693a313434343736383231393b7573756172696f7c733a323a223130223b73656e68617c733a31343a2266756e63696f6e6172696f2e3032223b7374617475737c733a313a2231223b7469706f7c733a313a2232223b6c6f6761646f7c623a313b),
('c764d8b1f502c555d85ef48f9eff92436c723329', '127.0.0.1', 1444944819, 0x5f5f63695f6c6173745f726567656e65726174657c693a313434343934343734303b7573756172696f7c733a323a223130223b73656e68617c733a31343a2266756e63696f6e6172696f2e3032223b7374617475737c733a313a2231223b7469706f7c733a313a2232223b6c6f6761646f7c623a313b),
('c8068553fbc9ae532faaf1d4989d037960da8ecc', '127.0.0.1', 1443295580, 0x5f5f63695f6c6173745f726567656e65726174657c693a313434333239353332373b7573756172696f7c733a313a2239223b73656e68617c733a31343a2266756e63696f6e6172696f2e3031223b7374617475737c733a313a2231223b7469706f7c733a313a2231223b6c6f6761646f7c623a313b),
('c8312bbe7ae69a34e9220106abe1a6cdb330f278', '127.0.0.1', 1443279745, 0x5f5f63695f6c6173745f726567656e65726174657c693a313434333237393534303b7573756172696f7c733a313a2239223b73656e68617c733a31343a2266756e63696f6e6172696f2e3031223b7374617475737c733a313a2231223b7469706f7c733a313a2231223b6c6f6761646f7c623a313b),
('c8d4e7b97695e876f52faafa5d95f01b8a165d36', '127.0.0.1', 1444093041, 0x5f5f63695f6c6173745f726567656e65726174657c693a313434343039323833303b7573756172696f7c733a313a2239223b73656e68617c733a31343a2266756e63696f6e6172696f2e3031223b7374617475737c733a313a2231223b7469706f7c733a313a2231223b6c6f6761646f7c623a313b),
('c8f6f1b8c8617c65e7c05b2212d2eaf42058d359', '127.0.0.1', 1445018926, 0x5f5f63695f6c6173745f726567656e65726174657c693a313434353031383634363b7573756172696f7c733a323a223130223b73656e68617c733a31343a2266756e63696f6e6172696f2e3032223b7374617475737c733a313a2231223b7469706f7c733a313a2232223b6c6f6761646f7c623a313b),
('c8faa47f56ad249211f447636ccc305679b84261', '127.0.0.1', 1445375932, 0x5f5f63695f6c6173745f726567656e65726174657c693a313434353337353933323b),
('c9807316437c6de3356cf87ab83b1563e3bb196b', '127.0.0.1', 1444857888, 0x5f5f63695f6c6173745f726567656e65726174657c693a313434343835373639353b7573756172696f7c733a323a223130223b73656e68617c733a31343a2266756e63696f6e6172696f2e3032223b7374617475737c733a313a2231223b7469706f7c733a313a2232223b6c6f6761646f7c623a313b6f6b7c733a32333a224361646173747261646f20636f6d207375636573736f21223b5f5f63695f766172737c613a313a7b733a323a226f6b223b733a333a226f6c64223b7d),
('cb1f39cf3d54bb4e8e7a33a37c98040be1a06b49', '127.0.0.1', 1445547738, 0x5f5f63695f6c6173745f726567656e65726174657c693a313434353534373630383b7573756172696f7c733a323a223130223b73656e68617c733a31343a2266756e63696f6e6172696f2e3032223b7374617475737c733a313a2231223b7469706f7c733a313a2232223b6c6f6761646f7c623a313b),
('cd6f81a56bae78e380142ffc87dd4ea2f82114f4', '127.0.0.1', 1444666215, 0x5f5f63695f6c6173745f726567656e65726174657c693a313434343636363035383b7573756172696f7c733a323a223130223b73656e68617c733a31343a2266756e63696f6e6172696f2e3032223b7374617475737c733a313a2231223b7469706f7c733a313a2232223b6c6f6761646f7c623a313b),
('cdc8002871f5b158ee08ef1c969e95d45cbc1df3', '127.0.0.1', 1445093533, 0x5f5f63695f6c6173745f726567656e65726174657c693a313434353039333236303b7573756172696f7c733a323a223130223b73656e68617c733a31343a2266756e63696f6e6172696f2e3032223b7374617475737c733a313a2231223b7469706f7c733a313a2232223b6c6f6761646f7c623a313b),
('ceca6bb5303fdc5daf5cb926a9ea975b7824f874', '127.0.0.1', 1443236943, 0x5f5f63695f6c6173745f726567656e65726174657c693a313434333233363639373b7573756172696f7c733a313a2239223b73656e68617c733a31343a2266756e63696f6e6172696f2e3031223b7374617475737c733a313a2231223b6c6f6761646f7c623a313b),
('d0d36a59b3068e1c4183cdab15722870c86ba518', '127.0.0.1', 1445125721, 0x5f5f63695f6c6173745f726567656e65726174657c693a313434353132353432323b7573756172696f7c733a323a223130223b73656e68617c733a31343a2266756e63696f6e6172696f2e3032223b7374617475737c733a313a2231223b7469706f7c733a313a2232223b6c6f6761646f7c623a313b6572726f7c733a32383a224e6f74612046697363616c206ec3a36f20656e636f6e747261646121223b5f5f63695f766172737c613a313a7b733a343a226572726f223b733a333a226f6c64223b7d),
('d17dc3de79aa97e7c33fc30f67a6f7cf451ecc3f', '127.0.0.1', 1445106270, 0x5f5f63695f6c6173745f726567656e65726174657c693a313434353130363236393b7573756172696f7c733a323a223130223b73656e68617c733a31343a2266756e63696f6e6172696f2e3032223b7374617475737c733a313a2231223b7469706f7c733a313a2232223b6c6f6761646f7c623a313b6572726f7c733a32383a224e6f74612046697363616c206ec3a36f20656e636f6e747261646121223b5f5f63695f766172737c613a313a7b733a343a226572726f223b733a333a226f6c64223b7d),
('d2be57e85473f54942c7f824dd8a5fa3330b66df', '127.0.0.1', 1444766359, 0x5f5f63695f6c6173745f726567656e65726174657c693a313434343736363237363b7573756172696f7c733a323a223130223b73656e68617c733a31343a2266756e63696f6e6172696f2e3032223b7374617475737c733a313a2231223b7469706f7c733a313a2232223b6c6f6761646f7c623a313b),
('d320bcaaaf06413845fc0ba4bcef3ea8ab96510f', '127.0.0.1', 1444859866, 0x5f5f63695f6c6173745f726567656e65726174657c693a313434343835393735323b7573756172696f7c733a323a223130223b73656e68617c733a31343a2266756e63696f6e6172696f2e3032223b7374617475737c733a313a2231223b7469706f7c733a313a2232223b6c6f6761646f7c623a313b),
('d42d98af189a2cce22fb666044052577498c8eb2', '127.0.0.1', 1444332888, 0x5f5f63695f6c6173745f726567656e65726174657c693a313434343333323631393b7573756172696f7c733a323a223130223b73656e68617c733a31343a2266756e63696f6e6172696f2e3032223b7374617475737c733a313a2231223b7469706f7c733a313a2232223b6c6f6761646f7c623a313b),
('d48481c5af30e2c6a2a6c3c3d6cc6c3727b0eb34', '127.0.0.1', 1443292794, 0x5f5f63695f6c6173745f726567656e65726174657c693a313434333239323535323b7573756172696f7c733a313a2239223b73656e68617c733a31343a2266756e63696f6e6172696f2e3031223b7374617475737c733a313a2231223b7469706f7c733a313a2231223b6c6f6761646f7c623a313b),
('d487f65f8b3cb8fcbc5799343492e3603f0b322f', '127.0.0.1', 1444960562, 0x5f5f63695f6c6173745f726567656e65726174657c693a313434343936303236363b7573756172696f7c733a323a223130223b73656e68617c733a31343a2266756e63696f6e6172696f2e3032223b7374617475737c733a313a2231223b7469706f7c733a313a2232223b6c6f6761646f7c623a313b),
('d576a6a35ac1968eb32cacb8a79b51edf931fa31', '127.0.0.1', 1444964016, 0x5f5f63695f6c6173745f726567656e65726174657c693a313434343936333732313b7573756172696f7c733a323a223130223b73656e68617c733a31343a2266756e63696f6e6172696f2e3032223b7374617475737c733a313a2231223b7469706f7c733a313a2232223b6c6f6761646f7c623a313b);
INSERT INTO `ci_sessions` (`id`, `ip_address`, `timestamp`, `data`) VALUES
('d5b2d1fc824dbfd03a196f3ff623448b70f48b53', '127.0.0.1', 1444939824, 0x5f5f63695f6c6173745f726567656e65726174657c693a313434343933393730323b7573756172696f7c733a323a223130223b73656e68617c733a31343a2266756e63696f6e6172696f2e3032223b7374617475737c733a313a2231223b7469706f7c733a313a2232223b6c6f6761646f7c623a313b),
('d6222ff4e39dd33d8a4a496cf06756eb606eb080', '127.0.0.1', 1444095563, 0x5f5f63695f6c6173745f726567656e65726174657c693a313434343039353332343b7573756172696f7c733a313a2239223b73656e68617c733a31343a2266756e63696f6e6172696f2e3031223b7374617475737c733a313a2231223b7469706f7c733a313a2231223b6c6f6761646f7c623a313b),
('d68a788ee8bde0986a3b467056105c16fb1c36ba', '127.0.0.1', 1445104808, 0x5f5f63695f6c6173745f726567656e65726174657c693a313434353130343630303b7573756172696f7c733a323a223130223b73656e68617c733a31343a2266756e63696f6e6172696f2e3032223b7374617475737c733a313a2231223b7469706f7c733a313a2232223b6c6f6761646f7c623a313b),
('d72bb03904de67b77beab88946b36d6f330195b3', '127.0.0.1', 1444859622, 0x5f5f63695f6c6173745f726567656e65726174657c693a313434343835393334383b7573756172696f7c733a323a223130223b73656e68617c733a31343a2266756e63696f6e6172696f2e3032223b7374617475737c733a313a2231223b7469706f7c733a313a2232223b6c6f6761646f7c623a313b),
('d75c302de61d1a547849a63116a1db2636838b6f', '127.0.0.1', 1443149751, 0x5f5f63695f6c6173745f726567656e65726174657c693a313434333134393435343b7573756172696f7c733a313a2231223b73656e68617c733a353a2261646d696e223b7374617475737c733a313a2231223b6c6f6761646f7c623a313b),
('d856dad568ae601d3ebc7cf129309012bf79927b', '127.0.0.1', 1444876460, 0x5f5f63695f6c6173745f726567656e65726174657c693a313434343837363239353b7573756172696f7c733a323a223130223b73656e68617c733a31343a2266756e63696f6e6172696f2e3032223b7374617475737c733a313a2231223b7469706f7c733a313a2232223b6c6f6761646f7c623a313b),
('d891bfa3a44cf854aa3e109ae0801d04d5daad56', '127.0.0.1', 1443407860, 0x5f5f63695f6c6173745f726567656e65726174657c693a313434333430373636383b),
('d8c27987075af94fea0f4843f7fe37db7f2bb2fd', '127.0.0.1', 1443285712, 0x5f5f63695f6c6173745f726567656e65726174657c693a313434333238353435353b7573756172696f7c733a313a2239223b73656e68617c733a31343a2266756e63696f6e6172696f2e3031223b7374617475737c733a313a2231223b7469706f7c733a313a2231223b6c6f6761646f7c623a313b),
('d8f38a10a1de903de599f27fa44add5c79f368ad', '127.0.0.1', 1443577971, 0x5f5f63695f6c6173745f726567656e65726174657c693a313434333537373637313b7573756172696f7c733a313a2239223b73656e68617c733a31343a2266756e63696f6e6172696f2e3031223b7374617475737c733a313a2231223b7469706f7c733a313a2231223b6c6f6761646f7c623a313b6572726f7c733a34393a224ec3a36f20c3a920706f7373c3ad76656c2074726f636172206f2073746174757320646573746520757375c3a172696f21223b5f5f63695f766172737c613a313a7b733a343a226572726f223b733a333a226f6c64223b7d),
('da1f2135a1ff7d91d2be623bf12ca09c19145bdc', '127.0.0.1', 1443281352, 0x5f5f63695f6c6173745f726567656e65726174657c693a313434333238313136363b7573756172696f7c733a313a2239223b73656e68617c733a31343a2266756e63696f6e6172696f2e3031223b7374617475737c733a313a2231223b7469706f7c733a313a2231223b6c6f6761646f7c623a313b),
('da31ed1b31f0e7929831793233ea880f2508b439', '127.0.0.1', 1443890489, 0x5f5f63695f6c6173745f726567656e65726174657c693a313434333839303232313b7573756172696f7c733a313a2239223b73656e68617c733a31343a2266756e63696f6e6172696f2e3031223b7374617475737c733a313a2231223b7469706f7c733a313a2231223b6c6f6761646f7c623a313b),
('da5ac58ea44aa92de489472af1fd9ff58d4f87c9', '127.0.0.1', 1443150532, 0x5f5f63695f6c6173745f726567656e65726174657c693a313434333135303532303b7573756172696f7c733a313a2232223b73656e68617c733a373a226c657469636961223b7374617475737c733a313a2231223b6c6f6761646f7c623a313b),
('dad9ea663abd011cfa42c3a5d04ffa555779ff04', '127.0.0.1', 1445132545, 0x5f5f63695f6c6173745f726567656e65726174657c693a313434353133323339313b7573756172696f7c733a323a223130223b73656e68617c733a31343a2266756e63696f6e6172696f2e3032223b7374617475737c733a313a2231223b7469706f7c733a313a2232223b6c6f6761646f7c623a313b),
('daf182756d39a9611aa31b7c3312139324d70f7a', '127.0.0.1', 1443406645, 0x5f5f63695f6c6173745f726567656e65726174657c693a313434333430363634343b),
('db9c7e29f69ce4ca186d6742b2863816e40223bb', '127.0.0.1', 1444964316, 0x5f5f63695f6c6173745f726567656e65726174657c693a313434343936343032333b7573756172696f7c733a323a223130223b73656e68617c733a31343a2266756e63696f6e6172696f2e3032223b7374617475737c733a313a2231223b7469706f7c733a313a2232223b6c6f6761646f7c623a313b6f6b7c733a31393a224564697461646f20636f6d207375636573736f223b5f5f63695f766172737c613a313a7b733a323a226f6b223b733a333a226f6c64223b7d),
('dbb10d35e1599a4107e79b8eddc82d518f438180', '127.0.0.1', 1445126418, 0x5f5f63695f6c6173745f726567656e65726174657c693a313434353132363132393b7573756172696f7c733a323a223130223b73656e68617c733a31343a2266756e63696f6e6172696f2e3032223b7374617475737c733a313a2231223b7469706f7c733a313a2232223b6c6f6761646f7c623a313b),
('dbe63de9a647e694413a5f5ce79546e79f8d248d', '127.0.0.1', 1445108932, 0x5f5f63695f6c6173745f726567656e65726174657c693a313434353130383738383b7573756172696f7c733a323a223130223b73656e68617c733a31343a2266756e63696f6e6172696f2e3032223b7374617475737c733a313a2231223b7469706f7c733a313a2232223b6c6f6761646f7c623a313b6572726f7c733a32383a224e6f74612046697363616c206ec3a36f20656e636f6e747261646121223b5f5f63695f766172737c613a313a7b733a343a226572726f223b733a333a226f6c64223b7d),
('dcb01bbe41bbf02137e7ae4bc35a620c682ea3d9', '127.0.0.1', 1443808376, 0x5f5f63695f6c6173745f726567656e65726174657c693a313434333830383233363b7573756172696f7c733a313a2239223b73656e68617c733a31343a2266756e63696f6e6172696f2e3031223b7374617475737c733a313a2231223b7469706f7c733a313a2231223b6c6f6761646f7c623a313b),
('dcbcc022b0ecc6d0f03286d1edb5f1a296a72bba', '127.0.0.1', 1444096609, 0x5f5f63695f6c6173745f726567656e65726174657c693a313434343039363533333b7573756172696f7c733a313a2239223b73656e68617c733a31343a2266756e63696f6e6172696f2e3031223b7374617475737c733a313a2231223b7469706f7c733a313a2231223b6c6f6761646f7c623a313b),
('dd8fcaa600e81ce80f6bc45d84a6a9b378d515ba', '127.0.0.1', 1444853042, 0x5f5f63695f6c6173745f726567656e65726174657c693a313434343835323735353b7573756172696f7c733a323a223130223b73656e68617c733a31343a2266756e63696f6e6172696f2e3032223b7374617475737c733a313a2231223b7469706f7c733a313a2232223b6c6f6761646f7c623a313b),
('ddb0a48ee4aa39e54834279b67bac04ec1d1dd36', '127.0.0.1', 1444668818, 0x5f5f63695f6c6173745f726567656e65726174657c693a313434343636383534363b7573756172696f7c733a323a223130223b73656e68617c733a31343a2266756e63696f6e6172696f2e3032223b7374617475737c733a313a2231223b7469706f7c733a313a2232223b6c6f6761646f7c623a313b),
('defc867facfbee4ebb8a5e6a5fd87c4cd3815be2', '127.0.0.1', 1445462297, 0x5f5f63695f6c6173745f726567656e65726174657c693a313434353436313939373b7573756172696f7c733a323a223130223b73656e68617c733a31343a2266756e63696f6e6172696f2e3032223b7374617475737c733a313a2231223b7469706f7c733a313a2232223b6c6f6761646f7c623a313b),
('df9f513f48729ed6747bd2ee211e6b9753e91399', '127.0.0.1', 1445109391, 0x5f5f63695f6c6173745f726567656e65726174657c693a313434353130393039353b7573756172696f7c733a323a223130223b73656e68617c733a31343a2266756e63696f6e6172696f2e3032223b7374617475737c733a313a2231223b7469706f7c733a313a2232223b6c6f6761646f7c623a313b6f6b7c733a32333a224361646173747261646f20636f6d207375636573736f21223b5f5f63695f766172737c613a313a7b733a323a226f6b223b733a333a226f6c64223b7d),
('dfc15066697b1162f2051a03079270021cb61cef', '127.0.0.1', 1444664459, 0x5f5f63695f6c6173745f726567656e65726174657c693a313434343636343237323b7573756172696f7c733a323a223130223b73656e68617c733a31343a2266756e63696f6e6172696f2e3032223b7374617475737c733a313a2231223b7469706f7c733a313a2232223b6c6f6761646f7c623a313b),
('e00ed6adba9f35a673d0dd5405490a1ff74e196f', '127.0.0.1', 1445547520, 0x5f5f63695f6c6173745f726567656e65726174657c693a313434353534373235383b7573756172696f7c733a323a223130223b73656e68617c733a31343a2266756e63696f6e6172696f2e3032223b7374617475737c733a313a2231223b7469706f7c733a313a2232223b6c6f6761646f7c623a313b),
('e0b09781170b9ebeaf50c5b587be1c50bcd66118', '127.0.0.1', 1444668077, 0x5f5f63695f6c6173745f726567656e65726174657c693a313434343636373739333b7573756172696f7c733a323a223130223b73656e68617c733a31343a2266756e63696f6e6172696f2e3032223b7374617475737c733a313a2231223b7469706f7c733a313a2232223b6c6f6761646f7c623a313b),
('e129e68207ba388e8d446e4b044561f30c781410', '127.0.0.1', 1443493209, 0x5f5f63695f6c6173745f726567656e65726174657c693a313434333439323938363b7573756172696f7c733a313a2239223b73656e68617c733a31343a2266756e63696f6e6172696f2e3031223b7374617475737c733a313a2231223b7469706f7c733a313a2231223b6c6f6761646f7c623a313b),
('e1873c1dbbfc2c1f8502770cc51b15d39cb6e670', '127.0.0.1', 1444334018, 0x5f5f63695f6c6173745f726567656e65726174657c693a313434343333343031353b7573756172696f7c733a323a223130223b73656e68617c733a31343a2266756e63696f6e6172696f2e3032223b7374617475737c733a313a2231223b7469706f7c733a313a2232223b6c6f6761646f7c623a313b),
('e1ef73be6b533fecaa4e0d860a42a26f312edbe9', '127.0.0.1', 1443241414, 0x5f5f63695f6c6173745f726567656e65726174657c693a313434333234313431343b7573756172696f7c733a313a2239223b73656e68617c733a31343a2266756e63696f6e6172696f2e3031223b7374617475737c733a313a2231223b7469706f7c733a313a2231223b6c6f6761646f7c623a313b),
('e6d2d2e1f2a1758662486293af18b809504d62a0', '127.0.0.1', 1444859328, 0x5f5f63695f6c6173745f726567656e65726174657c693a313434343835393033303b7573756172696f7c733a323a223130223b73656e68617c733a31343a2266756e63696f6e6172696f2e3032223b7374617475737c733a313a2231223b7469706f7c733a313a2232223b6c6f6761646f7c623a313b),
('e7a3e5b7fbb6d1035a82a4c01276b8baf6ea01f8', '127.0.0.1', 1443146503, 0x5f5f63695f6c6173745f726567656e65726174657c693a313434333134363230373b7573756172696f7c733a313a2231223b73656e68617c733a353a2261646d696e223b7374617475737c733a313a2231223b6c6f6761646f7c623a313b),
('e9aa170b81b27553a43f70bb7694d0e48cbf7bc4', '127.0.0.1', 1444935479, 0x5f5f63695f6c6173745f726567656e65726174657c693a313434343933353231313b7573756172696f7c733a323a223130223b73656e68617c733a31343a2266756e63696f6e6172696f2e3032223b7374617475737c733a313a2231223b7469706f7c733a313a2232223b6c6f6761646f7c623a313b),
('e9d52af1bb02613d8484c667c68ef5e425192f14', '127.0.0.1', 1443375998, 0x5f5f63695f6c6173745f726567656e65726174657c693a313434333337353730363b7573756172696f7c733a313a2239223b73656e68617c733a31343a2266756e63696f6e6172696f2e3031223b7374617475737c733a313a2231223b7469706f7c733a313a2231223b6c6f6761646f7c623a313b),
('eb4fe365bcbdd7dc3338fc00ac63201c0d19127a', '127.0.0.1', 1445131595, 0x5f5f63695f6c6173745f726567656e65726174657c693a313434353133313437303b7573756172696f7c733a323a223130223b73656e68617c733a31343a2266756e63696f6e6172696f2e3032223b7374617475737c733a313a2231223b7469706f7c733a313a2232223b6c6f6761646f7c623a313b),
('ebf591c9bee14af065b037e97df3316430d17750', '127.0.0.1', 1444938917, 0x5f5f63695f6c6173745f726567656e65726174657c693a313434343933383730353b7573756172696f7c733a323a223130223b73656e68617c733a31343a2266756e63696f6e6172696f2e3032223b7374617475737c733a313a2231223b7469706f7c733a313a2232223b6c6f6761646f7c623a313b),
('ee4fbe813ca85ab468a42d886e562353146b3c5a', '127.0.0.1', 1444999710, 0x5f5f63695f6c6173745f726567656e65726174657c693a313434343939393535343b7573756172696f7c733a323a223130223b73656e68617c733a31343a2266756e63696f6e6172696f2e3032223b7374617475737c733a313a2231223b7469706f7c733a313a2232223b6c6f6761646f7c623a313b),
('ee95364601b6a24eacce4e8b3d5cc9b5e53b82e8', '127.0.0.1', 1443285294, 0x5f5f63695f6c6173745f726567656e65726174657c693a313434333238353034363b7573756172696f7c733a313a2239223b73656e68617c733a31343a2266756e63696f6e6172696f2e3031223b7374617475737c733a313a2231223b7469706f7c733a313a2231223b6c6f6761646f7c623a313b),
('eeac644347c256276ff961c98fc14626a01bc45e', '127.0.0.1', 1445031738, 0x5f5f63695f6c6173745f726567656e65726174657c693a313434353033313435353b7573756172696f7c733a323a223130223b73656e68617c733a31343a2266756e63696f6e6172696f2e3032223b7374617475737c733a313a2231223b7469706f7c733a313a2232223b6c6f6761646f7c623a313b),
('ef34af01e7770708e55cf50ae6bd60c55fd6c417', '127.0.0.1', 1445019406, 0x5f5f63695f6c6173745f726567656e65726174657c693a313434353031393332343b7573756172696f7c733a323a223130223b73656e68617c733a31343a2266756e63696f6e6172696f2e3032223b7374617475737c733a313a2231223b7469706f7c733a313a2232223b6c6f6761646f7c623a313b),
('efff0da2bd3019d809d5872dfe051ef3484d016d', '127.0.0.1', 1444667247, 0x5f5f63695f6c6173745f726567656e65726174657c693a313434343636373031363b7573756172696f7c733a323a223130223b73656e68617c733a31343a2266756e63696f6e6172696f2e3032223b7374617475737c733a313a2231223b7469706f7c733a313a2232223b6c6f6761646f7c623a313b),
('f00753f90428fd64f9649d04fcadba847d416915', '127.0.0.1', 1445456557, 0x5f5f63695f6c6173745f726567656e65726174657c693a313434353435363535303b7573756172696f7c733a323a223130223b73656e68617c733a31343a2266756e63696f6e6172696f2e3032223b7374617475737c733a313a2231223b7469706f7c733a313a2232223b6c6f6761646f7c623a313b),
('f062de6bd686774d6bdb7ecb97133fac40cfeea5', '127.0.0.1', 1443238991, 0x5f5f63695f6c6173745f726567656e65726174657c693a313434333233383939313b7573756172696f7c733a313a2239223b73656e68617c733a31343a2266756e63696f6e6172696f2e3031223b7374617475737c733a313a2231223b6c6f6761646f7c623a313b),
('f09d5bcf653d46290ce090f96b06223688cb2903', '127.0.0.1', 1444934457, 0x5f5f63695f6c6173745f726567656e65726174657c693a313434343933343137373b7573756172696f7c733a323a223130223b73656e68617c733a31343a2266756e63696f6e6172696f2e3032223b7374617475737c733a313a2231223b7469706f7c733a313a2232223b6c6f6761646f7c623a313b),
('f11affbd56d0224e81c573f16a1ffd05107db6a8', '127.0.0.1', 1443201141, 0x5f5f63695f6c6173745f726567656e65726174657c693a313434333230303834313b7573756172696f7c733a313a2232223b73656e68617c733a373a226c657469636961223b7374617475737c733a313a2231223b6c6f6761646f7c623a313b),
('f17056ad80fc503a0c4499f0043dfbdd402dd521', '127.0.0.1', 1443146726, 0x5f5f63695f6c6173745f726567656e65726174657c693a313434333134363531343b7573756172696f7c733a313a2231223b73656e68617c733a353a2261646d696e223b7374617475737c733a313a2231223b6c6f6761646f7c623a313b),
('f1b92411714e3839eef9d5184c35ca5f5a8bf7a7', '127.0.0.1', 1443144723, 0x5f5f63695f6c6173745f726567656e65726174657c693a313434333134343637303b7573756172696f7c733a313a2231223b73656e68617c733a353a2261646d696e223b7374617475737c733a313a2231223b6c6f6761646f7c623a313b),
('f1ccf86f541b3f3a9abf66b297302ba0fff07612', '127.0.0.1', 1445532785, 0x5f5f63695f6c6173745f726567656e65726174657c693a313434353533323738323b7573756172696f7c733a323a223130223b73656e68617c733a31343a2266756e63696f6e6172696f2e3032223b7374617475737c733a313a2231223b7469706f7c733a313a2232223b6c6f6761646f7c623a313b),
('f3b87c46248901cc5b635217b8eefef1b2b3528f', '127.0.0.1', 1445093857, 0x5f5f63695f6c6173745f726567656e65726174657c693a313434353039333536333b7573756172696f7c733a323a223130223b73656e68617c733a31343a2266756e63696f6e6172696f2e3032223b7374617475737c733a313a2231223b7469706f7c733a313a2232223b6c6f6761646f7c623a313b),
('f519513998411521416a27a93ff903338b4a3d97', '127.0.0.1', 1445544293, 0x5f5f63695f6c6173745f726567656e65726174657c693a313434353534343133353b7573756172696f7c733a323a223130223b73656e68617c733a31343a2266756e63696f6e6172696f2e3032223b7374617475737c733a313a2231223b7469706f7c733a313a2232223b6c6f6761646f7c623a313b),
('f54a0ba43acd8e30ee746aec361fc1b6f81f9570', '127.0.0.1', 1445129987, 0x5f5f63695f6c6173745f726567656e65726174657c693a313434353132393830303b7573756172696f7c733a323a223130223b73656e68617c733a31343a2266756e63696f6e6172696f2e3032223b7374617475737c733a313a2231223b7469706f7c733a313a2232223b6c6f6761646f7c623a313b),
('f630c8454c0965e1f0bb8b06a69e736c5f7abaab', '127.0.0.1', 1444095263, 0x5f5f63695f6c6173745f726567656e65726174657c693a313434343039353032313b7573756172696f7c733a313a2239223b73656e68617c733a31343a2266756e63696f6e6172696f2e3031223b7374617475737c733a313a2231223b7469706f7c733a313a2231223b6c6f6761646f7c623a313b),
('f695e5404977653e590373d4a8a87d5e5c25e07a', '127.0.0.1', 1443374904, 0x5f5f63695f6c6173745f726567656e65726174657c693a313434333337343930333b7573756172696f7c733a313a2239223b73656e68617c733a31343a2266756e63696f6e6172696f2e3031223b7374617475737c733a313a2231223b7469706f7c733a313a2231223b6c6f6761646f7c623a313b),
('f6975a643c28f5b477cb9788342c1b8b9f9a860f', '127.0.0.1', 1444767141, 0x5f5f63695f6c6173745f726567656e65726174657c693a313434343736363834353b7573756172696f7c733a323a223130223b73656e68617c733a31343a2266756e63696f6e6172696f2e3032223b7374617475737c733a313a2231223b7469706f7c733a313a2232223b6c6f6761646f7c623a313b6f6b7c733a32333a224361646173747261646f20636f6d207375636573736f21223b5f5f63695f766172737c613a313a7b733a323a226f6b223b733a333a226f6c64223b7d),
('f6dad06aca280ed7b145bb0da800de30f1dd23de', '127.0.0.1', 1445447161, 0x5f5f63695f6c6173745f726567656e65726174657c693a313434353434373136313b7573756172696f7c733a323a223130223b73656e68617c733a31343a2266756e63696f6e6172696f2e3032223b7374617475737c733a313a2231223b7469706f7c733a313a2232223b6c6f6761646f7c623a313b),
('f6f8e02f1a60d2fba88098f3a97ce7315075c703', '127.0.0.1', 1444849978, 0x5f5f63695f6c6173745f726567656e65726174657c693a313434343834393937353b7573756172696f7c733a323a223130223b73656e68617c733a31343a2266756e63696f6e6172696f2e3032223b7374617475737c733a313a2231223b7469706f7c733a313a2232223b6c6f6761646f7c623a313b),
('f7142126e10f715a26106a0c51806ef96e247588', '127.0.0.1', 1444944206, 0x5f5f63695f6c6173745f726567656e65726174657c693a313434343934333932363b7573756172696f7c733a323a223130223b73656e68617c733a31343a2266756e63696f6e6172696f2e3032223b7374617475737c733a313a2231223b7469706f7c733a313a2232223b6c6f6761646f7c623a313b),
('f78cb8ac0c5fa903adf02b6433c57127f15cd3f3', '127.0.0.1', 1443128502, 0x5f5f63695f6c6173745f726567656e65726174657c693a313434333132383530323b),
('f7b98517ce1805ce3236e0cf2e55fe7bcca79999', '127.0.0.1', 1444069775, 0x5f5f63695f6c6173745f726567656e65726174657c693a313434343036393532303b7573756172696f7c733a313a2239223b73656e68617c733a31343a2266756e63696f6e6172696f2e3031223b7374617475737c733a313a2231223b7469706f7c733a313a2231223b6c6f6761646f7c623a313b),
('f84d736be29e30cccea6fc66387dcacfe0d91c01', '127.0.0.1', 1445116158, 0x5f5f63695f6c6173745f726567656e65726174657c693a313434353131363135343b7573756172696f7c733a323a223130223b73656e68617c733a31343a2266756e63696f6e6172696f2e3032223b7374617475737c733a313a2231223b7469706f7c733a313a2232223b6c6f6761646f7c623a313b),
('fa3f3f6093f2b0571a45c866b710370ff2acdcf8', '127.0.0.1', 1443639792, 0x5f5f63695f6c6173745f726567656e65726174657c693a313434333633393439343b7573756172696f7c733a313a2239223b73656e68617c733a31343a2266756e63696f6e6172696f2e3031223b7374617475737c733a313a2231223b7469706f7c733a313a2231223b6c6f6761646f7c623a313b),
('fac71c67517eb2154677df38d80e1ad91ba34a40', '127.0.0.1', 1444075658, 0x5f5f63695f6c6173745f726567656e65726174657c693a313434343037353335383b7573756172696f7c733a313a2239223b73656e68617c733a31343a2266756e63696f6e6172696f2e3031223b7374617475737c733a313a2231223b7469706f7c733a313a2231223b6c6f6761646f7c623a313b),
('fafca4f6037490a5ddd401a8a3e2763bf36081e7', '127.0.0.1', 1445097304, 0x5f5f63695f6c6173745f726567656e65726174657c693a313434353039373039343b7573756172696f7c733a323a223130223b73656e68617c733a31343a2266756e63696f6e6172696f2e3032223b7374617475737c733a313a2231223b7469706f7c733a313a2232223b6c6f6761646f7c623a313b),
('fb4c45c5bc1da0349982bf09d7357a8854ac89a1', '127.0.0.1', 1443374398, 0x5f5f63695f6c6173745f726567656e65726174657c693a313434333337343336373b7573756172696f7c733a313a2239223b73656e68617c733a31343a2266756e63696f6e6172696f2e3031223b7374617475737c733a313a2231223b7469706f7c733a313a2231223b6c6f6761646f7c623a313b),
('fb81113b078e9bd828fa548fcdb7c8cf653aa8e6', '127.0.0.1', 1443633488, 0x5f5f63695f6c6173745f726567656e65726174657c693a313434333633333237353b7573756172696f7c733a313a2239223b73656e68617c733a31343a2266756e63696f6e6172696f2e3031223b7374617475737c733a313a2231223b7469706f7c733a313a2231223b6c6f6761646f7c623a313b),
('fbe57eb5c0a86713d89d429f1877c5b6a58f0017', '127.0.0.1', 1444960874, 0x5f5f63695f6c6173745f726567656e65726174657c693a313434343936303539373b7573756172696f7c733a323a223130223b73656e68617c733a31343a2266756e63696f6e6172696f2e3032223b7374617475737c733a313a2231223b7469706f7c733a313a2232223b6c6f6761646f7c623a313b),
('fc9b6218ac03fb201ae8242ea766ac056b4b7104', '127.0.0.1', 1444764142, 0x5f5f63695f6c6173745f726567656e65726174657c693a313434343736333836303b7573756172696f7c733a323a223130223b73656e68617c733a31343a2266756e63696f6e6172696f2e3032223b7374617475737c733a313a2231223b7469706f7c733a313a2232223b6c6f6761646f7c623a313b),
('fd85895bbd4c7ea8e20490a2a5be984ced22075a', '127.0.0.1', 1444856352, 0x5f5f63695f6c6173745f726567656e65726174657c693a313434343835363035323b7573756172696f7c733a323a223130223b73656e68617c733a31343a2266756e63696f6e6172696f2e3032223b7374617475737c733a313a2231223b7469706f7c733a313a2232223b6c6f6761646f7c623a313b),
('febb7846700cb14ee3318b8e5494a14c0e1d7bd4', '127.0.0.1', 1444070086, 0x5f5f63695f6c6173745f726567656e65726174657c693a313434343036393834363b7573756172696f7c733a313a2239223b73656e68617c733a31343a2266756e63696f6e6172696f2e3031223b7374617475737c733a313a2231223b7469706f7c733a313a2231223b6c6f6761646f7c623a313b),
('ffabd34ce09e46a607fe46af6dfe3f54b40a14d8', '127.0.0.1', 1443840864, 0x5f5f63695f6c6173745f726567656e65726174657c693a313434333834303539323b7573756172696f7c733a313a2239223b73656e68617c733a31343a2266756e63696f6e6172696f2e3031223b7374617475737c733a313a2231223b7469706f7c733a313a2231223b6c6f6761646f7c623a313b);

-- --------------------------------------------------------

--
-- Estrutura da tabela `tbl_ativo`
--

CREATE TABLE IF NOT EXISTS `tbl_ativo` (
  `atv_id` int(7) NOT NULL AUTO_INCREMENT,
  `atv_idITM` int(7) NOT NULL,
  `atv_idNTF` int(7) NOT NULL,
  `atv_cnpjNTF` varchar(18) NOT NULL,
  `atv_idPro` int(7) NOT NULL,
  `atv_numPatr` int(12) DEFAULT NULL,
  `atv_data` varchar(10) NOT NULL,
  `atv_hora` varchar(8) NOT NULL,
  `atv_status` bit(1) NOT NULL,
  PRIMARY KEY (`atv_id`,`atv_idITM`,`atv_idNTF`,`atv_cnpjNTF`,`atv_idPro`),
  KEY `atv_idITM` (`atv_idITM`),
  KEY `atv_idNTF` (`atv_idNTF`),
  KEY `atv_cnpjNTF` (`atv_cnpjNTF`),
  KEY `atv_idPro` (`atv_idPro`)
) ENGINE=InnoDB  DEFAULT CHARSET=latin1 AUTO_INCREMENT=15 ;

--
-- Extraindo dados da tabela `tbl_ativo`
--

INSERT INTO `tbl_ativo` (`atv_id`, `atv_idITM`, `atv_idNTF`, `atv_cnpjNTF`, `atv_idPro`, `atv_numPatr`, `atv_data`, `atv_hora`, `atv_status`) VALUES
(10, 20, 3, '32.131.231/2321-23', 5, 0, '20/10/2015', '16:25:35', b'1'),
(11, 20, 3, '32.131.231/2321-23', 5, 0, '20/10/2015', '16:25:35', b'1'),
(12, 21, 7, '32.131.231/2321-23', 5, 0, '21/10/2015', '19:22:11', b'1'),
(13, 21, 7, '32.131.231/2321-23', 5, 0, '21/10/2015', '19:22:11', b'1'),
(14, 21, 7, '32.131.231/2321-23', 5, 0, '21/10/2015', '19:22:11', b'1');

-- --------------------------------------------------------

--
-- Estrutura da tabela `tbl_empresa`
--

CREATE TABLE IF NOT EXISTS `tbl_empresa` (
  `emp_cnpj` varchar(18) NOT NULL,
  `emp_ie` varchar(11) NOT NULL,
  `emp_nomeFantasia` varchar(50) NOT NULL,
  `emp_razaoSocial` varchar(100) DEFAULT NULL,
  `emp_status` bit(1) NOT NULL,
  PRIMARY KEY (`emp_cnpj`)
) ENGINE=InnoDB DEFAULT CHARSET=latin1;

--
-- Extraindo dados da tabela `tbl_empresa`
--

INSERT INTO `tbl_empresa` (`emp_cnpj`, `emp_ie`, `emp_nomeFantasia`, `emp_razaoSocial`, `emp_status`) VALUES
('32.131.231/2321-23', '12132132-13', 'HP', 'HP do Brasil', b'1'),
('72.702.716/0010-70', '99999999-99', 'Officer Distribuidora', 'Officer S. A.', b'1');

-- --------------------------------------------------------

--
-- Estrutura da tabela `tbl_grupoUsuario`
--

CREATE TABLE IF NOT EXISTS `tbl_grupoUsuario` (
  `gru_id` int(2) NOT NULL AUTO_INCREMENT,
  `gru_tipo` varchar(13) DEFAULT NULL,
  PRIMARY KEY (`gru_id`)
) ENGINE=InnoDB  DEFAULT CHARSET=latin1 AUTO_INCREMENT=3 ;

--
-- Extraindo dados da tabela `tbl_grupoUsuario`
--

INSERT INTO `tbl_grupoUsuario` (`gru_id`, `gru_tipo`) VALUES
(1, 'Administrador'),
(2, 'Comum');

-- --------------------------------------------------------

--
-- Estrutura da tabela `tbl_item`
--

CREATE TABLE IF NOT EXISTS `tbl_item` (
  `itm_id` int(7) NOT NULL AUTO_INCREMENT,
  `itm_idNTF` int(7) NOT NULL,
  `itm_cnpjNTF` varchar(18) NOT NULL,
  `itm_idPro` int(7) NOT NULL,
  `itm_quantidade` int(7) NOT NULL,
  PRIMARY KEY (`itm_id`,`itm_idNTF`,`itm_cnpjNTF`,`itm_idPro`),
  KEY `itm_idNTF` (`itm_idNTF`),
  KEY `itm_cnpjNTF` (`itm_cnpjNTF`),
  KEY `itm_idPro` (`itm_idPro`)
) ENGINE=InnoDB  DEFAULT CHARSET=latin1 AUTO_INCREMENT=22 ;

--
-- Extraindo dados da tabela `tbl_item`
--

INSERT INTO `tbl_item` (`itm_id`, `itm_idNTF`, `itm_cnpjNTF`, `itm_idPro`, `itm_quantidade`) VALUES
(20, 3, '32.131.231/2321-23', 5, 2),
(21, 7, '32.131.231/2321-23', 5, 3);

-- --------------------------------------------------------

--
-- Estrutura da tabela `tbl_local`
--

CREATE TABLE IF NOT EXISTS `tbl_local` (
  `loc_id` int(10) NOT NULL AUTO_INCREMENT,
  `loc_nome` varchar(50) NOT NULL,
  `loc_pavimento` varchar(20) NOT NULL,
  `loc_status` tinyint(1) NOT NULL,
  PRIMARY KEY (`loc_id`)
) ENGINE=InnoDB  DEFAULT CHARSET=latin1 AUTO_INCREMENT=84 ;

--
-- Extraindo dados da tabela `tbl_local`
--

INSERT INTO `tbl_local` (`loc_id`, `loc_nome`, `loc_pavimento`, `loc_status`) VALUES
(80, 'Diretoria De Serviço', 'Primeiro', 0),
(81, 'Setor De Estágio', 'Segundo', 1),
(82, 'Sala Dos Professores', 'Segundo', 1),
(83, 'Biblioteca', 'Terceiro', 1);

-- --------------------------------------------------------

--
-- Estrutura da tabela `tbl_medida`
--

CREATE TABLE IF NOT EXISTS `tbl_medida` (
  `mda_id` int(3) NOT NULL AUTO_INCREMENT,
  `mdn_nome` varchar(20) NOT NULL,
  PRIMARY KEY (`mda_id`)
) ENGINE=InnoDB  DEFAULT CHARSET=latin1 AUTO_INCREMENT=3 ;

--
-- Extraindo dados da tabela `tbl_medida`
--

INSERT INTO `tbl_medida` (`mda_id`, `mdn_nome`) VALUES
(1, 'Unidade'),
(2, 'Metros');

-- --------------------------------------------------------

--
-- Estrutura da tabela `tbl_notaFiscal`
--

CREATE TABLE IF NOT EXISTS `tbl_notaFiscal` (
  `ntf_id` int(7) NOT NULL AUTO_INCREMENT,
  `ntf_cnpjEmp` varchar(18) NOT NULL,
  `ntf_numNota` varchar(12) NOT NULL,
  `ntf_serie` int(2) NOT NULL,
  `ntf_naturezaOpe` varchar(100) DEFAULT NULL,
  `ntf_total` varchar(12) NOT NULL,
  `ntf_dataEmissao` varchar(10) NOT NULL,
  `ntf_dataVencimento` varchar(10) NOT NULL,
  `ntf_status` bit(1) NOT NULL,
  PRIMARY KEY (`ntf_id`,`ntf_cnpjEmp`),
  KEY `ntf_cnpjEmp` (`ntf_cnpjEmp`)
) ENGINE=InnoDB  DEFAULT CHARSET=latin1 AUTO_INCREMENT=8 ;

--
-- Extraindo dados da tabela `tbl_notaFiscal`
--

INSERT INTO `tbl_notaFiscal` (`ntf_id`, `ntf_cnpjEmp`, `ntf_numNota`, `ntf_serie`, `ntf_naturezaOpe`, `ntf_total`, `ntf_dataEmissao`, `ntf_dataVencimento`, `ntf_status`) VALUES
(3, '32.131.231/2321-23', '000190535/3', 2, '13', '10.108,12', '26/03/2014', '23/04/2014', b'0'),
(4, '72.702.716/0010-70', '000190535/0', 2, 'Entrada de material de construção.', '10.108,10', '26/03/2014', '23/04/2014', b'1'),
(7, '32.131.231/2321-23', '1111', 2, '111', '1', '11/11/1111', '11/11/1111', b'1');

-- --------------------------------------------------------

--
-- Estrutura da tabela `tbl_produto`
--

CREATE TABLE IF NOT EXISTS `tbl_produto` (
  `pro_id` int(7) NOT NULL AUTO_INCREMENT,
  `pro_marca` varchar(50) NOT NULL,
  `pro_cor` varchar(20) DEFAULT NULL,
  `pro_descricao` varchar(330) NOT NULL,
  `pro_idTipo` int(3) NOT NULL,
  `pro_status` bit(1) NOT NULL,
  PRIMARY KEY (`pro_id`),
  KEY `pro_idTipo` (`pro_idTipo`)
) ENGINE=InnoDB  DEFAULT CHARSET=latin1 AUTO_INCREMENT=9 ;

--
-- Extraindo dados da tabela `tbl_produto`
--

INSERT INTO `tbl_produto` (`pro_id`, `pro_marca`, `pro_cor`, `pro_descricao`, `pro_idTipo`, `pro_status`) VALUES
(1, 'Mobille Magno M. S. Silvas', 'Gelo', 'qwe', 2, b'1'),
(3, 'LG', 'preto', 'qwe', 6, b'0'),
(4, 'Dell', 'gelo', '2 gb ram', 8, b'0'),
(5, 'Samsung', '', '2 gb ram', 9, b'0'),
(6, 'Dell', 'Preto', 'Mouse com três botões.', 5, b'0'),
(7, 'HP', 'Branco', 'Processador AMD A6', 8, b'1'),
(8, 'AOC', 'preta', 'monitor 15 pol', 6, b'1');

-- --------------------------------------------------------

--
-- Estrutura da tabela `tbl_tipo`
--

CREATE TABLE IF NOT EXISTS `tbl_tipo` (
  `tip_id` int(3) NOT NULL AUTO_INCREMENT,
  `tip_nome` varchar(50) NOT NULL,
  PRIMARY KEY (`tip_id`)
) ENGINE=InnoDB  DEFAULT CHARSET=latin1 AUTO_INCREMENT=10 ;

--
-- Extraindo dados da tabela `tbl_tipo`
--

INSERT INTO `tbl_tipo` (`tip_id`, `tip_nome`) VALUES
(1, 'Armário'),
(2, 'Armário de aço'),
(3, 'Porta de madeira'),
(4, 'Teclado'),
(5, 'Mouse'),
(6, 'Monitor'),
(7, 'Lousa'),
(8, 'Computador'),
(9, 'Celular');

-- --------------------------------------------------------

--
-- Estrutura da tabela `tbl_usuario`
--

CREATE TABLE IF NOT EXISTS `tbl_usuario` (
  `usu_id` int(2) NOT NULL AUTO_INCREMENT,
  `usu_usuario` varchar(20) NOT NULL,
  `usu_senha` varchar(50) NOT NULL,
  `usu_status` int(1) NOT NULL,
  `usu_idGru` int(2) NOT NULL,
  PRIMARY KEY (`usu_id`),
  KEY `tbl` (`usu_idGru`)
) ENGINE=InnoDB  DEFAULT CHARSET=latin1 AUTO_INCREMENT=15 ;

--
-- Extraindo dados da tabela `tbl_usuario`
--

INSERT INTO `tbl_usuario` (`usu_id`, `usu_usuario`, `usu_senha`, `usu_status`, `usu_idGru`) VALUES
(9, 'funcionario.01', '287c7581d9833698535a202d8b0995f0', 1, 1),
(10, 'funcionario.02', '287c7581d9833698535a202d8b0995f0', 1, 2),
(12, 'funcionario.03', '287c7581d9833698535a202d8b0995f0', 1, 1),
(13, 'funcionario.04', '01cfcd4f6b8770febfb40cb906715822', 1, 1),
(14, 'funcionario.05', '827ccb0eea8a706c4c34a16891f84e7b', 1, 1);

--
-- Constraints for dumped tables
--

--
-- Limitadores para a tabela `tbl_ativo`
--
ALTER TABLE `tbl_ativo`
  ADD CONSTRAINT `tbl_ativo_ibfk_1` FOREIGN KEY (`atv_idITM`) REFERENCES `tbl_item` (`itm_id`),
  ADD CONSTRAINT `tbl_ativo_ibfk_2` FOREIGN KEY (`atv_idNTF`) REFERENCES `tbl_item` (`itm_idNTF`),
  ADD CONSTRAINT `tbl_ativo_ibfk_3` FOREIGN KEY (`atv_cnpjNTF`) REFERENCES `tbl_item` (`itm_cnpjNTF`),
  ADD CONSTRAINT `tbl_ativo_ibfk_4` FOREIGN KEY (`atv_idPro`) REFERENCES `tbl_item` (`itm_idPro`);

--
-- Limitadores para a tabela `tbl_item`
--
ALTER TABLE `tbl_item`
  ADD CONSTRAINT `tbl_item_ibfk_1` FOREIGN KEY (`itm_idNTF`) REFERENCES `tbl_notaFiscal` (`ntf_id`),
  ADD CONSTRAINT `tbl_item_ibfk_2` FOREIGN KEY (`itm_cnpjNTF`) REFERENCES `tbl_notaFiscal` (`ntf_cnpjEmp`),
  ADD CONSTRAINT `tbl_item_ibfk_3` FOREIGN KEY (`itm_idPro`) REFERENCES `tbl_produto` (`pro_id`);

--
-- Limitadores para a tabela `tbl_notaFiscal`
--
ALTER TABLE `tbl_notaFiscal`
  ADD CONSTRAINT `tbl_notaFiscal_ibfk_1` FOREIGN KEY (`ntf_cnpjEmp`) REFERENCES `tbl_empresa` (`emp_cnpj`);

--
-- Limitadores para a tabela `tbl_produto`
--
ALTER TABLE `tbl_produto`
  ADD CONSTRAINT `tbl_produto_ibfk_1` FOREIGN KEY (`pro_idTipo`) REFERENCES `tbl_tipo` (`tip_id`);

--
-- Limitadores para a tabela `tbl_usuario`
--
ALTER TABLE `tbl_usuario`
  ADD CONSTRAINT `tbl_usuario_ibfk_1` FOREIGN KEY (`usu_idGru`) REFERENCES `tbl_grupoUsuario` (`gru_id`);

/*!40101 SET CHARACTER_SET_CLIENT=@OLD_CHARACTER_SET_CLIENT */;
/*!40101 SET CHARACTER_SET_RESULTS=@OLD_CHARACTER_SET_RESULTS */;
/*!40101 SET COLLATION_CONNECTION=@OLD_COLLATION_CONNECTION */;
