-- phpMyAdmin SQL Dump
-- version 4.2.6deb1
-- http://www.phpmyadmin.net
--
-- Host: localhost
-- Generation Time: Oct 06, 2015 at 05:47 PM
-- Server version: 5.5.44-0ubuntu0.14.10.1
-- PHP Version: 5.5.12-2ubuntu4.6

SET SQL_MODE = "NO_AUTO_VALUE_ON_ZERO";
SET time_zone = "+00:00";


/*!40101 SET @OLD_CHARACTER_SET_CLIENT=@@CHARACTER_SET_CLIENT */;
/*!40101 SET @OLD_CHARACTER_SET_RESULTS=@@CHARACTER_SET_RESULTS */;
/*!40101 SET @OLD_COLLATION_CONNECTION=@@COLLATION_CONNECTION */;
/*!40101 SET NAMES utf8 */;

--
-- Database: `db_fast`
--

-- --------------------------------------------------------

--
-- Table structure for table `ci_sessions`
--

CREATE TABLE IF NOT EXISTS `ci_sessions` (
  `id` varchar(40) NOT NULL,
  `ip_address` varchar(45) NOT NULL,
  `timestamp` int(10) unsigned NOT NULL DEFAULT '0',
  `data` blob NOT NULL
) ENGINE=InnoDB DEFAULT CHARSET=latin1;

--
-- Dumping data for table `ci_sessions`
--

INSERT INTO `ci_sessions` (`id`, `ip_address`, `timestamp`, `data`) VALUES
('06466f088b90af372714b646d8f941ab4431c23c', '127.0.0.1', 1443291725, 0x5f5f63695f6c6173745f726567656e65726174657c693a313434333239313631393b7573756172696f7c733a313a2239223b73656e68617c733a31343a2266756e63696f6e6172696f2e3031223b7374617475737c733a313a2231223b7469706f7c733a313a2231223b6c6f6761646f7c623a313b),
('068f693f64c03f85f39ec2b32d7a2643c14c1394', '127.0.0.1', 1443376785, 0x5f5f63695f6c6173745f726567656e65726174657c693a313434333337363439353b7573756172696f7c733a313a2239223b73656e68617c733a31343a2266756e63696f6e6172696f2e3031223b7374617475737c733a313a2231223b7469706f7c733a313a2231223b6c6f6761646f7c623a313b),
('0b43103612d36e5dcfd8588b4bd5b8f18f57e12b', '127.0.0.1', 1443280186, 0x5f5f63695f6c6173745f726567656e65726174657c693a313434333237393839333b7573756172696f7c733a313a2239223b73656e68617c733a31343a2266756e63696f6e6172696f2e3031223b7374617475737c733a313a2231223b7469706f7c733a313a2231223b6c6f6761646f7c623a313b6f6b7c733a33343a224e6f76612073656e6861206361646173747261646120636f6d207375636573736f21223b5f5f63695f766172737c613a313a7b733a323a226f6b223b733a333a226e6577223b7d),
('0f60dfc0a6277338509e29f73819a5b6228dcd0c', '127.0.0.1', 1443893296, 0x5f5f63695f6c6173745f726567656e65726174657c693a313434333839333130343b7573756172696f7c733a313a2239223b73656e68617c733a31343a2266756e63696f6e6172696f2e3031223b7374617475737c733a313a2231223b7469706f7c733a313a2231223b6c6f6761646f7c623a313b),
('104fda19f734fb86664c638f5e300b3fbb43d234', '127.0.0.1', 1444097626, 0x5f5f63695f6c6173745f726567656e65726174657c693a313434343039373336303b7573756172696f7c733a313a2239223b73656e68617c733a31343a2266756e63696f6e6172696f2e3031223b7374617475737c733a313a2231223b7469706f7c733a313a2231223b6c6f6761646f7c623a313b),
('119b89030dfa90f0ad3cb76a54916a868c452b90', '127.0.0.1', 1443295243, 0x5f5f63695f6c6173745f726567656e65726174657c693a313434333239343939333b7573756172696f7c733a313a2239223b73656e68617c733a31343a2266756e63696f6e6172696f2e3031223b7374617475737c733a313a2231223b7469706f7c733a313a2231223b6c6f6761646f7c623a313b),
('11a96c7ab0c90bc5f545e5b24c823623875b1c82', '127.0.0.1', 1443635944, 0x5f5f63695f6c6173745f726567656e65726174657c693a313434333633353931393b7573756172696f7c733a313a2239223b73656e68617c733a31343a2266756e63696f6e6172696f2e3031223b7374617475737c733a313a2231223b7469706f7c733a313a2231223b6c6f6761646f7c623a313b),
('134768d4b51be8d82e37f3b71800d25956252553', '127.0.0.1', 1443281982, 0x5f5f63695f6c6173745f726567656e65726174657c693a313434333238313938313b7573756172696f7c733a313a2239223b73656e68617c733a31343a2266756e63696f6e6172696f2e3031223b7374617475737c733a313a2231223b7469706f7c733a313a2231223b6c6f6761646f7c623a313b),
('147f2c41d535ccecdd2ffd56b748c15fefce689c', '127.0.0.1', 1444093421, 0x5f5f63695f6c6173745f726567656e65726174657c693a313434343039333135323b7573756172696f7c733a313a2239223b73656e68617c733a31343a2266756e63696f6e6172696f2e3031223b7374617475737c733a313a2231223b7469706f7c733a313a2231223b6c6f6761646f7c623a313b),
('15816c4eac29841fa2ebdd4dd2a65188be1dac4e', '127.0.0.1', 1443893957, 0x5f5f63695f6c6173745f726567656e65726174657c693a313434333839333731373b7573756172696f7c733a313a2239223b73656e68617c733a31343a2266756e63696f6e6172696f2e3031223b7374617475737c733a313a2231223b7469706f7c733a313a2231223b6c6f6761646f7c623a313b6f6b7c733a32333a224361646173747261646f20636f6d207375636573736f21223b5f5f63695f766172737c613a313a7b733a323a226f6b223b733a333a226f6c64223b7d),
('16b2e39e972eb206e3de40a108ca3266bae2c393', '127.0.0.1', 1444014957, 0x5f5f63695f6c6173745f726567656e65726174657c693a313434343031343730343b7573756172696f7c733a313a2239223b73656e68617c733a31343a2266756e63696f6e6172696f2e3031223b7374617475737c733a313a2231223b7469706f7c733a313a2231223b6c6f6761646f7c623a313b6f6b7c733a32333a224361646173747261646f20636f6d207375636573736f21223b5f5f63695f766172737c613a313a7b733a323a226f6b223b733a333a226f6c64223b7d),
('191145f1bd0eba9eb1c468297e4531ad57c8a590', '127.0.0.1', 1443640317, 0x5f5f63695f6c6173745f726567656e65726174657c693a313434333634303131323b7573756172696f7c733a313a2239223b73656e68617c733a31343a2266756e63696f6e6172696f2e3031223b7374617475737c733a313a2231223b7469706f7c733a313a2231223b6c6f6761646f7c623a313b),
('1aba150f1c93b7b0a90c18243210ab72d1120bab', '127.0.0.1', 1443200663, 0x5f5f63695f6c6173745f726567656e65726174657c693a313434333230303636333b),
('1accc2d5c5ce1f6139ed432a92ed29c101cced0c', '127.0.0.1', 1443577974, 0x5f5f63695f6c6173745f726567656e65726174657c693a313434333537373937343b7573756172696f7c733a313a2239223b73656e68617c733a31343a2266756e63696f6e6172696f2e3031223b7374617475737c733a313a2231223b7469706f7c733a313a2231223b6c6f6761646f7c623a313b6572726f7c733a34393a224ec3a36f20c3a920706f7373c3ad76656c2074726f636172206f2073746174757320646573746520757375c3a172696f21223b5f5f63695f766172737c613a313a7b733a343a226572726f223b733a333a226f6c64223b7d),
('1aeaf3bd8f2d7afa02df21f9b4187dc9c5606c91', '127.0.0.1', 1443144442, 0x5f5f63695f6c6173745f726567656e65726174657c693a313434333134343335303b7573756172696f7c733a313a2231223b73656e68617c733a353a2261646d696e223b7374617475737c733a313a2231223b6c6f6761646f7c623a313b),
('1bf351ffed9d28cf68b2f2ba174d2ba3ed4c2f89', '127.0.0.1', 1444092540, 0x5f5f63695f6c6173745f726567656e65726174657c693a313434343039323435393b7573756172696f7c733a313a2239223b73656e68617c733a31343a2266756e63696f6e6172696f2e3031223b7374617475737c733a313a2231223b7469706f7c733a313a2231223b6c6f6761646f7c623a313b),
('1c9fb64ff0b9e0905b9e6b5579c8a822d2cfceba', '127.0.0.1', 1443636364, 0x5f5f63695f6c6173745f726567656e65726174657c693a313434333633363336343b),
('1ed4394eb3d00fd3e2ed939f00c2060c3be69bf5', '127.0.0.1', 1443538631, 0x5f5f63695f6c6173745f726567656e65726174657c693a313434333533383439353b7573756172696f7c733a313a2239223b73656e68617c733a31343a2266756e63696f6e6172696f2e3031223b7374617475737c733a313a2231223b7469706f7c733a313a2231223b6c6f6761646f7c623a313b),
('226073530b505fda55873771ccff0cbd7b82a052', '127.0.0.1', 1444068740, 0x5f5f63695f6c6173745f726567656e65726174657c693a313434343036383731393b7573756172696f7c733a313a2239223b73656e68617c733a31343a2266756e63696f6e6172696f2e3031223b7374617475737c733a313a2231223b7469706f7c733a313a2231223b6c6f6761646f7c623a313b),
('22a5fef5381947e863d1c364fce706c3714431d2', '127.0.0.1', 1443845008, 0x5f5f63695f6c6173745f726567656e65726174657c693a313434333834343835383b7573756172696f7c733a313a2239223b73656e68617c733a31343a2266756e63696f6e6172696f2e3031223b7374617475737c733a313a2231223b7469706f7c733a313a2231223b6c6f6761646f7c623a313b),
('27dca55e459d2978f61c227b7d5ec73b8fa78777', '127.0.0.1', 1443641000, 0x5f5f63695f6c6173745f726567656e65726174657c693a313434333634303830343b7573756172696f7c733a313a2239223b73656e68617c733a31343a2266756e63696f6e6172696f2e3031223b7374617475737c733a313a2231223b7469706f7c733a313a2231223b6c6f6761646f7c623a313b),
('284be1210241bfd1afd782b151dc718ce42f2909', '127.0.0.1', 1443576451, 0x5f5f63695f6c6173745f726567656e65726174657c693a313434333537363434393b),
('28676d56a061b9c120c1a9efb3c109c2d03c5c16', '127.0.0.1', 1443240303, 0x5f5f63695f6c6173745f726567656e65726174657c693a313434333234303131313b7573756172696f7c733a313a2239223b73656e68617c733a31343a2266756e63696f6e6172696f2e3031223b7374617475737c733a313a2231223b7469706f7c733a313a2231223b6c6f6761646f7c623a313b),
('2b486a84597b21216e72e5fb08f25d1ee30f3bad', '127.0.0.1', 1443889949, 0x5f5f63695f6c6173745f726567656e65726174657c693a313434333838393832373b7573756172696f7c733a313a2239223b73656e68617c733a31343a2266756e63696f6e6172696f2e3031223b7374617475737c733a313a2231223b7469706f7c733a313a2231223b6c6f6761646f7c623a313b),
('2c3a6f8058b836438cce0e64b709455a6464f46f', '127.0.0.1', 1444077127, 0x5f5f63695f6c6173745f726567656e65726174657c693a313434343037363838383b7573756172696f7c733a313a2239223b73656e68617c733a31343a2266756e63696f6e6172696f2e3031223b7374617475737c733a313a2231223b7469706f7c733a313a2231223b6c6f6761646f7c623a313b),
('2dc4b9c84b07386caeb911aff2fee3e441ec1b88', '127.0.0.1', 1443496136, 0x5f5f63695f6c6173745f726567656e65726174657c693a313434333439353930303b7573756172696f7c733a313a2239223b73656e68617c733a31343a2266756e63696f6e6172696f2e3031223b7374617475737c733a313a2231223b7469706f7c733a313a2231223b6c6f6761646f7c623a313b),
('2eef8922779460884666c67f890f097dec2e8e83', '127.0.0.1', 1444096177, 0x5f5f63695f6c6173745f726567656e65726174657c693a313434343039363038333b7573756172696f7c733a313a2239223b73656e68617c733a31343a2266756e63696f6e6172696f2e3031223b7374617475737c733a313a2231223b7469706f7c733a313a2231223b6c6f6761646f7c623a313b),
('2fa3158bad242422e7d70ef74092e00d2877a226', '127.0.0.1', 1443539163, 0x5f5f63695f6c6173745f726567656e65726174657c693a313434333533393131373b7573756172696f7c733a313a2239223b73656e68617c733a31343a2266756e63696f6e6172696f2e3031223b7374617475737c733a313a2231223b7469706f7c733a313a2231223b6c6f6761646f7c623a313b),
('310a70344f5bc3bc5d50dc10e6e939446c0db529', '127.0.0.1', 1443149407, 0x5f5f63695f6c6173745f726567656e65726174657c693a313434333134393131353b7573756172696f7c733a313a2231223b73656e68617c733a353a2261646d696e223b7374617475737c733a313a2231223b6c6f6761646f7c623a313b),
('314f9f0f80b22d9be5edc67f98dd93a9023cfaa7', '127.0.0.1', 1444015063, 0x5f5f63695f6c6173745f726567656e65726174657c693a313434343031353030383b7573756172696f7c733a313a2239223b73656e68617c733a31343a2266756e63696f6e6172696f2e3031223b7374617475737c733a313a2231223b7469706f7c733a313a2231223b6c6f6761646f7c623a313b),
('3196c921c21a94fa79f87deaec1a27b4f29e9068', '127.0.0.1', 1444095636, 0x5f5f63695f6c6173745f726567656e65726174657c693a313434343039353633363b7573756172696f7c733a313a2239223b73656e68617c733a31343a2266756e63696f6e6172696f2e3031223b7374617475737c733a313a2231223b7469706f7c733a313a2231223b6c6f6761646f7c623a313b),
('321f7e8bbbe6234315fd7e85e276238326e458e8', '127.0.0.1', 1443892578, 0x5f5f63695f6c6173745f726567656e65726174657c693a313434333839323430353b7573756172696f7c733a313a2239223b73656e68617c733a31343a2266756e63696f6e6172696f2e3031223b7374617475737c733a313a2231223b7469706f7c733a313a2231223b6c6f6761646f7c623a313b),
('322dd4349ea68fd0443112c62d0f572abf1db293', '127.0.0.1', 1443843278, 0x5f5f63695f6c6173745f726567656e65726174657c693a313434333834333030343b7573756172696f7c733a313a2239223b73656e68617c733a31343a2266756e63696f6e6172696f2e3031223b7374617475737c733a313a2231223b7469706f7c733a313a2231223b6c6f6761646f7c623a313b),
('327649aefef95456a77ace10628189bfff4eb9d3', '127.0.0.1', 1443894326, 0x5f5f63695f6c6173745f726567656e65726174657c693a313434333839343033363b7573756172696f7c733a313a2239223b73656e68617c733a31343a2266756e63696f6e6172696f2e3031223b7374617475737c733a313a2231223b7469706f7c733a313a2231223b6c6f6761646f7c623a313b),
('3433bf80097798cbaedaa239b2d2ca11a7a3e03b', '127.0.0.1', 1443844835, 0x5f5f63695f6c6173745f726567656e65726174657c693a313434333834343533373b7573756172696f7c733a313a2239223b73656e68617c733a31343a2266756e63696f6e6172696f2e3031223b7374617475737c733a313a2231223b7469706f7c733a313a2231223b6c6f6761646f7c623a313b),
('39f71307a99e3fc09f04bf7d565a0668827d5ef8', '127.0.0.1', 1443142490, 0x5f5f63695f6c6173745f726567656e65726174657c693a313434333134323437323b7573756172696f7c733a313a2231223b73656e68617c733a353a2261646d696e223b7374617475737c733a313a2231223b6c6f6761646f7c623a313b),
('3a1f8c469a44b783f389cc980936828d6ff4e4dc', '127.0.0.1', 1443891654, 0x5f5f63695f6c6173745f726567656e65726174657c693a313434333839313432313b7573756172696f7c733a313a2239223b73656e68617c733a31343a2266756e63696f6e6172696f2e3031223b7374617475737c733a313a2231223b7469706f7c733a313a2231223b6c6f6761646f7c623a313b),
('3a38978e7d1d1483b6cc34b8af4e8052aab0eb29', '127.0.0.1', 1443200150, 0x5f5f63695f6c6173745f726567656e65726174657c693a313434333230303031303b7573756172696f7c733a313a2232223b73656e68617c733a373a226c657469636961223b7374617475737c733a313a2231223b6c6f6761646f7c623a313b),
('3af36483e320b83dfa924c64edd2bb12fffcc3ad', '127.0.0.1', 1444164390, 0x5f5f63695f6c6173745f726567656e65726174657c693a313434343136343138373b7573756172696f7c733a313a2239223b73656e68617c733a31343a2266756e63696f6e6172696f2e3031223b7374617475737c733a313a2231223b7469706f7c733a313a2231223b6c6f6761646f7c623a313b),
('3bdb3013129770464733f8c837ba78cf036eeb6a', '127.0.0.1', 1443409610, 0x5f5f63695f6c6173745f726567656e65726174657c693a313434333430393631303b),
('3e26fa5613af3f35fdc4b58a988da815889cb298', '127.0.0.1', 1443492814, 0x5f5f63695f6c6173745f726567656e65726174657c693a313434333439323533313b7573756172696f7c733a313a2239223b73656e68617c733a31343a2266756e63696f6e6172696f2e3031223b7374617475737c733a313a2231223b7469706f7c733a313a2231223b6c6f6761646f7c623a313b),
('3e5222b73e1634c994f275cb23b2b796774b0db7', '127.0.0.1', 1443493584, 0x5f5f63695f6c6173745f726567656e65726174657c693a313434333439333330303b7573756172696f7c733a313a2239223b73656e68617c733a31343a2266756e63696f6e6172696f2e3031223b7374617475737c733a313a2231223b7469706f7c733a313a2231223b6c6f6761646f7c623a313b),
('3ed893c1117d66a6dbe6163679e5b28d1aae431c', '127.0.0.1', 1443636392, 0x5f5f63695f6c6173745f726567656e65726174657c693a313434333633363237383b7573756172696f7c733a313a2239223b73656e68617c733a31343a2266756e63696f6e6172696f2e3031223b7374617475737c733a313a2231223b7469706f7c733a313a2231223b6c6f6761646f7c623a313b),
('3fef781a1c1aa2197df1d1914fa0556867a49db4', '127.0.0.1', 1443492135, 0x5f5f63695f6c6173745f726567656e65726174657c693a313434333439313833343b7573756172696f7c733a313a2239223b73656e68617c733a31343a2266756e63696f6e6172696f2e3031223b7374617475737c733a313a2231223b7469706f7c733a313a2231223b6c6f6761646f7c623a313b),
('420e574de63f42c36ce30956bd8c8fbbe4aac0ee', '127.0.0.1', 1443149823, 0x5f5f63695f6c6173745f726567656e65726174657c693a313434333134393832333b7573756172696f7c733a313a2231223b73656e68617c733a353a2261646d696e223b7374617475737c733a313a2231223b6c6f6761646f7c623a313b),
('4265fe1077885bf9efc2f038910051c2c3c1df53', '127.0.0.1', 1443295708, 0x5f5f63695f6c6173745f726567656e65726174657c693a313434333239353730373b7573756172696f7c733a313a2239223b73656e68617c733a31343a2266756e63696f6e6172696f2e3031223b7374617475737c733a313a2231223b7469706f7c733a313a2231223b6c6f6761646f7c623a313b),
('46a1a0a048a73f650e71440bc5b3135b76de4060', '127.0.0.1', 1444072052, 0x5f5f63695f6c6173745f726567656e65726174657c693a313434343037313838353b7573756172696f7c733a313a2239223b73656e68617c733a31343a2266756e63696f6e6172696f2e3031223b7374617475737c733a313a2231223b7469706f7c733a313a2231223b6c6f6761646f7c623a313b),
('46baf317d3172add130e09238ebfda8e3b0ed62c', '127.0.0.1', 1443240886, 0x5f5f63695f6c6173745f726567656e65726174657c693a313434333234303539343b7573756172696f7c733a313a2239223b73656e68617c733a31343a2266756e63696f6e6172696f2e3031223b7374617475737c733a313a2231223b7469706f7c733a313a2231223b6c6f6761646f7c623a313b),
('473fc1af4b2bf3849811a2b858c0b45227002c69', '127.0.0.1', 1443668896, 0x5f5f63695f6c6173745f726567656e65726174657c693a313434333636383839363b),
('48116104eaafee257614c1c48a684db5f46c859c', '127.0.0.1', 1444015388, 0x5f5f63695f6c6173745f726567656e65726174657c693a313434343031353338383b7573756172696f7c733a313a2239223b73656e68617c733a31343a2266756e63696f6e6172696f2e3031223b7374617475737c733a313a2231223b7469706f7c733a313a2231223b6c6f6761646f7c623a313b),
('492accc7c882541231e3f89eb26498116f86848d', '127.0.0.1', 1443633256, 0x5f5f63695f6c6173745f726567656e65726174657c693a313434333633323937313b7573756172696f7c733a313a2239223b73656e68617c733a31343a2266756e63696f6e6172696f2e3031223b7374617475737c733a313a2231223b7469706f7c733a313a2231223b6c6f6761646f7c623a313b),
('498f32d83701fd002a298f9e4c1796a0868cece5', '127.0.0.1', 1444079360, 0x5f5f63695f6c6173745f726567656e65726174657c693a313434343037393336303b7573756172696f7c733a313a2239223b73656e68617c733a31343a2266756e63696f6e6172696f2e3031223b7374617475737c733a313a2231223b7469706f7c733a313a2231223b6c6f6761646f7c623a313b),
('4a241db5f634e6a8caca9a4f556d7a3075c574f0', '127.0.0.1', 1443839222, 0x5f5f63695f6c6173745f726567656e65726174657c693a313434333833393232323b),
('4ab997b844233a59be4a1ef1941f474f1f99be8e', '127.0.0.1', 1443549845, 0x5f5f63695f6c6173745f726567656e65726174657c693a313434333534393631303b7573756172696f7c733a313a2239223b73656e68617c733a31343a2266756e63696f6e6172696f2e3031223b7374617475737c733a313a2231223b7469706f7c733a313a2231223b6c6f6761646f7c623a313b),
('4b719ebb26c3ddafd033260a521523d792f67cbe', '127.0.0.1', 1443892878, 0x5f5f63695f6c6173745f726567656e65726174657c693a313434333839323734323b7573756172696f7c733a313a2239223b73656e68617c733a31343a2266756e63696f6e6172696f2e3031223b7374617475737c733a313a2231223b7469706f7c733a313a2231223b6c6f6761646f7c623a313b),
('4c6373b70cd6f103295e2f66ff17289ee4d74007', '127.0.0.1', 1443145266, 0x5f5f63695f6c6173745f726567656e65726174657c693a313434333134343938333b7573756172696f7c733a313a2231223b73656e68617c733a353a2261646d696e223b7374617475737c733a313a2231223b6c6f6761646f7c623a313b),
('4cbd1ac134652d7d939308ebcf4ef99a984335c9', '127.0.0.1', 1443812111, 0x5f5f63695f6c6173745f726567656e65726174657c693a313434333831323131313b7573756172696f7c733a313a2239223b73656e68617c733a31343a2266756e63696f6e6172696f2e3031223b7374617475737c733a313a2231223b7469706f7c733a313a2231223b6c6f6761646f7c623a313b),
('4dd62ff532e2a6c8cd88c48956c1ffde457feb46', '127.0.0.1', 1443200446, 0x5f5f63695f6c6173745f726567656e65726174657c693a313434333230303434353b7573756172696f7c733a313a2232223b73656e68617c733a373a226c657469636961223b7374617475737c733a313a2231223b6c6f6761646f7c623a313b),
('4deccf5cc8b1775ef4608a1e1a35f619ba838573', '127.0.0.1', 1443636364, 0x5f5f63695f6c6173745f726567656e65726174657c693a313434333633363336343b),
('50b956c7a5a0d7530dce69aed5b2337d4a5d3a05', '127.0.0.1', 1444097296, 0x5f5f63695f6c6173745f726567656e65726174657c693a313434343039373034373b7573756172696f7c733a313a2239223b73656e68617c733a31343a2266756e63696f6e6172696f2e3031223b7374617475737c733a313a2231223b7469706f7c733a313a2231223b6c6f6761646f7c623a313b),
('51e7c35634478c1912aca9dbe7fb41ae17d0d4b7', '127.0.0.1', 1443202177, 0x5f5f63695f6c6173745f726567656e65726174657c693a313434333230313936303b7573756172696f7c733a313a2232223b73656e68617c733a373a226c657469636961223b7374617475737c733a313a2231223b6c6f6761646f7c623a313b),
('529aed035196cfef3f697c93f83605dcdea56cbb', '127.0.0.1', 1443147097, 0x5f5f63695f6c6173745f726567656e65726174657c693a313434333134363834303b7573756172696f7c733a313a2231223b73656e68617c733a353a2261646d696e223b7374617475737c733a313a2231223b6c6f6761646f7c623a313b),
('52aed64ce0daed72d348281b735685eeaec70597', '127.0.0.1', 1444075226, 0x5f5f63695f6c6173745f726567656e65726174657c693a313434343037343935323b7573756172696f7c733a313a2239223b73656e68617c733a31343a2266756e63696f6e6172696f2e3031223b7374617475737c733a313a2231223b7469706f7c733a313a2231223b6c6f6761646f7c623a313b),
('54b67d833a385e1bf2c9b3378f5050a817e22fee', '127.0.0.1', 1443377449, 0x5f5f63695f6c6173745f726567656e65726174657c693a313434333337373136393b7573756172696f7c733a313a2239223b73656e68617c733a31343a2266756e63696f6e6172696f2e3031223b7374617475737c733a313a2231223b7469706f7c733a313a2231223b6c6f6761646f7c623a313b),
('54d26d6e4073298bf0b16b6b2a6144cd0ddc148a', '127.0.0.1', 1443539088, 0x5f5f63695f6c6173745f726567656e65726174657c693a313434333533383831313b7573756172696f7c733a313a2239223b73656e68617c733a31343a2266756e63696f6e6172696f2e3031223b7374617475737c733a313a2231223b7469706f7c733a313a2231223b6c6f6761646f7c623a313b),
('557327cfd86c0a4ae3a0938a5d196d41cf230454', '127.0.0.1', 1443148740, 0x5f5f63695f6c6173745f726567656e65726174657c693a313434333134383537313b7573756172696f7c733a313a2231223b73656e68617c733a353a2261646d696e223b7374617475737c733a313a2231223b6c6f6761646f7c623a313b),
('56fff15694d78d54cdde78259f0ac8ac438d283b', '127.0.0.1', 1444097968, 0x5f5f63695f6c6173745f726567656e65726174657c693a313434343039373636383b7573756172696f7c733a313a2239223b73656e68617c733a31343a2266756e63696f6e6172696f2e3031223b7374617475737c733a313a2231223b7469706f7c733a313a2231223b6c6f6761646f7c623a313b),
('59aa64363cefc43260a1d736d7f8bb5762ea2435', '127.0.0.1', 1443495136, 0x5f5f63695f6c6173745f726567656e65726174657c693a313434333439343837353b7573756172696f7c733a313a2239223b73656e68617c733a31343a2266756e63696f6e6172696f2e3031223b7374617475737c733a313a2231223b7469706f7c733a313a2231223b6c6f6761646f7c623a313b),
('5b2f4c3c7ddb4aa3bd89de51cd868c5cd751c36d', '127.0.0.1', 1443141923, 0x5f5f63695f6c6173745f726567656e65726174657c693a313434333134313931353b7573756172696f7c733a313a2231223b73656e68617c733a353a2261646d696e223b7374617475737c733a313a2231223b6c6f6761646f7c623a313b),
('5c5b736350bfbc4c5f09c3cac3cd75561951359b', '127.0.0.1', 1443280598, 0x5f5f63695f6c6173745f726567656e65726174657c693a313434333238303530313b7573756172696f7c733a313a2239223b73656e68617c733a31343a2266756e63696f6e6172696f2e3031223b7374617475737c733a313a2231223b7469706f7c733a313a2231223b6c6f6761646f7c623a313b5f5f63695f766172737c613a313a7b733a323a226f6b223b733a333a226e6577223b7d6f6b7c733a33343a224e6f76612073656e6861206361646173747261646120636f6d207375636573736f21223b),
('5cdee7d61a05fd92ae7cc225f80e4a04f8fd7ade', '127.0.0.1', 1443639291, 0x5f5f63695f6c6173745f726567656e65726174657c693a313434333633393130323b7573756172696f7c733a313a2239223b73656e68617c733a31343a2266756e63696f6e6172696f2e3031223b7374617475737c733a313a2231223b7469706f7c733a313a2231223b6c6f6761646f7c623a313b),
('5cfba5d24f3f47df4af12d834583d1b3131a8d30', '127.0.0.1', 1443843839, 0x5f5f63695f6c6173745f726567656e65726174657c693a313434333834333634393b7573756172696f7c733a313a2239223b73656e68617c733a31343a2266756e63696f6e6172696f2e3031223b7374617475737c733a313a2231223b7469706f7c733a313a2231223b6c6f6761646f7c623a313b),
('5fffa37e7f84a54008a3ec5d7bd58929b8c63786', '127.0.0.1', 1443578661, 0x5f5f63695f6c6173745f726567656e65726174657c693a313434333537383534343b7573756172696f7c733a313a2239223b73656e68617c733a31343a2266756e63696f6e6172696f2e3031223b7374617475737c733a313a2231223b7469706f7c733a313a2231223b6c6f6761646f7c623a313b),
('6059b593d6656fc663efb7a3c87113aa03528c9a', '127.0.0.1', 1443494233, 0x5f5f63695f6c6173745f726567656e65726174657c693a313434333439333934303b7573756172696f7c733a313a2239223b73656e68617c733a31343a2266756e63696f6e6172696f2e3031223b7374617475737c733a313a2231223b7469706f7c733a313a2231223b6c6f6761646f7c623a313b),
('624d3b9547b32bd4539181eab7de174f1d08bcdf', '127.0.0.1', 1443201466, 0x5f5f63695f6c6173745f726567656e65726174657c693a313434333230313138323b7573756172696f7c733a313a2232223b73656e68617c733a373a226c657469636961223b7374617475737c733a313a2231223b6c6f6761646f7c623a313b6f6b7c733a33303a22436164617374726f20656665747561646f20636f6d207375636573736f21223b5f5f63695f766172737c613a313a7b733a323a226f6b223b733a333a226f6c64223b7d),
('6433623c546d077682aefec38f54906c2818db91', '127.0.0.1', 1443285836, 0x5f5f63695f6c6173745f726567656e65726174657c693a313434333238353736303b7573756172696f7c733a313a2239223b73656e68617c733a31343a2266756e63696f6e6172696f2e3031223b7374617475737c733a313a2231223b7469706f7c733a313a2231223b6c6f6761646f7c623a313b),
('6886074a6127f06b4680d2ba5513f91130269e66', '127.0.0.1', 1443839601, 0x5f5f63695f6c6173745f726567656e65726174657c693a313434333833393539343b7573756172696f7c733a313a2239223b73656e68617c733a31343a2266756e63696f6e6172696f2e3031223b7374617475737c733a313a2231223b7469706f7c733a313a2231223b6c6f6761646f7c623a313b),
('6c92699cbb1595d90aba46adf476453d919613c3', '127.0.0.1', 1443292451, 0x5f5f63695f6c6173745f726567656e65726174657c693a313434333239323230333b7573756172696f7c733a313a2239223b73656e68617c733a31343a2266756e63696f6e6172696f2e3031223b7374617475737c733a313a2231223b7469706f7c733a313a2231223b6c6f6761646f7c623a313b),
('6e5c3f9faf59e1095fce29be19f66091c195876d', '127.0.0.1', 1444014376, 0x5f5f63695f6c6173745f726567656e65726174657c693a313434343031343238343b7573756172696f7c733a313a2239223b73656e68617c733a31343a2266756e63696f6e6172696f2e3031223b7374617475737c733a313a2231223b7469706f7c733a313a2231223b6c6f6761646f7c623a313b),
('73e37e2edb885e864492bae6f66b60b2b7406768', '127.0.0.1', 1443492476, 0x5f5f63695f6c6173745f726567656e65726174657c693a313434333439323139393b7573756172696f7c733a313a2239223b73656e68617c733a31343a2266756e63696f6e6172696f2e3031223b7374617475737c733a313a2231223b7469706f7c733a313a2231223b6c6f6761646f7c623a313b),
('74a1a64828b675c13b6f02ea06a598abd380f8a1', '127.0.0.1', 1443410491, 0x5f5f63695f6c6173745f726567656e65726174657c693a313434333431303231323b),
('75be295a188181da181e6d62044f880478c0d3df', '127.0.0.1', 1443290078, 0x5f5f63695f6c6173745f726567656e65726174657c693a313434333238393937383b7573756172696f7c733a313a2239223b73656e68617c733a31343a2266756e63696f6e6172696f2e3031223b7374617475737c733a313a2231223b7469706f7c733a313a2231223b6c6f6761646f7c623a313b),
('7736c4db190c4d768f82166d47a16527e0fa195c', '127.0.0.1', 1443202985, 0x5f5f63695f6c6173745f726567656e65726174657c693a313434333230323834363b7573756172696f7c733a313a2232223b73656e68617c733a373a226c657469636961223b7374617475737c733a313a2231223b6c6f6761646f7c623a313b),
('78643bfc8c60968bca62958e0fec1bce0c2607bc', '127.0.0.1', 1443494506, 0x5f5f63695f6c6173745f726567656e65726174657c693a313434333439343237333b7573756172696f7c733a313a2239223b73656e68617c733a31343a2266756e63696f6e6172696f2e3031223b7374617475737c733a313a2231223b7469706f7c733a313a2231223b6c6f6761646f7c623a313b),
('78d84130ffeb041abf2d76bee5314c1ae966edc1', '127.0.0.1', 1443640086, 0x5f5f63695f6c6173745f726567656e65726174657c693a313434333633393739383b7573756172696f7c733a313a2239223b73656e68617c733a31343a2266756e63696f6e6172696f2e3031223b7374617475737c733a313a2231223b7469706f7c733a313a2231223b6c6f6761646f7c623a313b),
('799e1b4f35d1e69cc9573e8d98d57399f4cde078', '127.0.0.1', 1443839222, 0x5f5f63695f6c6173745f726567656e65726174657c693a313434333833393232313b),
('7a47f85ebfcbda51cd29aec243b4192f4a3b367b', '127.0.0.1', 1443638937, 0x5f5f63695f6c6173745f726567656e65726174657c693a313434333633383830313b7573756172696f7c733a313a2239223b73656e68617c733a31343a2266756e63696f6e6172696f2e3031223b7374617475737c733a313a2231223b7469706f7c733a313a2231223b6c6f6761646f7c623a313b),
('7aa952a526fd40275ba28455623ff195c44b20d2', '127.0.0.1', 1444066605, 0x5f5f63695f6c6173745f726567656e65726174657c693a313434343036363335333b7573756172696f7c733a313a2239223b73656e68617c733a31343a2266756e63696f6e6172696f2e3031223b7374617475737c733a313a2231223b7469706f7c733a313a2231223b6c6f6761646f7c623a313b),
('7c19b5ffc8f53d43fc7333f712808bb862a49f0a', '127.0.0.1', 1443890877, 0x5f5f63695f6c6173745f726567656e65726174657c693a313434333839303630343b7573756172696f7c733a313a2239223b73656e68617c733a31343a2266756e63696f6e6172696f2e3031223b7374617475737c733a313a2231223b7469706f7c733a313a2231223b6c6f6761646f7c623a313b),
('7eae737ac55adc50ff61b287a96e602a8d540a61', '127.0.0.1', 1443894472, 0x5f5f63695f6c6173745f726567656e65726174657c693a313434333839343339323b7573756172696f7c733a313a2239223b73656e68617c733a31343a2266756e63696f6e6172696f2e3031223b7374617475737c733a313a2231223b7469706f7c733a313a2231223b6c6f6761646f7c623a313b6f6b7c733a32333a224361646173747261646f20636f6d207375636573736f21223b5f5f63695f766172737c613a313a7b733a323a226f6b223b733a333a226f6c64223b7d),
('7eb868098916919baa6530baa04ea5d1dc5b2710', '127.0.0.1', 1443841220, 0x5f5f63695f6c6173745f726567656e65726174657c693a313434333834313030303b7573756172696f7c733a313a2239223b73656e68617c733a31343a2266756e63696f6e6172696f2e3031223b7374617475737c733a313a2231223b7469706f7c733a313a2231223b6c6f6761646f7c623a313b),
('7ffb4da012cbae3fde4f6a2e199b23cad7462b2d', '127.0.0.1', 1443293040, 0x5f5f63695f6c6173745f726567656e65726174657c693a313434333239333033393b7573756172696f7c733a313a2239223b73656e68617c733a31343a2266756e63696f6e6172696f2e3031223b7374617475737c733a313a2231223b7469706f7c733a313a2231223b6c6f6761646f7c623a313b),
('807148a8e2e5d1c311a7a74d46a7f7aac8554b1a', '127.0.0.1', 1443842997, 0x5f5f63695f6c6173745f726567656e65726174657c693a313434333834323730313b7573756172696f7c733a313a2239223b73656e68617c733a31343a2266756e63696f6e6172696f2e3031223b7374617475737c733a313a2231223b7469706f7c733a313a2231223b6c6f6761646f7c623a313b),
('80fdede16422bfd69c4eb10dba45e033e70de71f', '127.0.0.1', 1443305066, 0x5f5f63695f6c6173745f726567656e65726174657c693a313434333330353035323b7573756172696f7c733a313a2239223b73656e68617c733a31343a2266756e63696f6e6172696f2e3031223b7374617475737c733a313a2231223b7469706f7c733a313a2231223b6c6f6761646f7c623a313b),
('8235d41f438a23bc598c1d37041de1dffb1a8c52', '127.0.0.1', 1443147466, 0x5f5f63695f6c6173745f726567656e65726174657c693a313434333134373231383b7573756172696f7c733a313a2231223b73656e68617c733a353a2261646d696e223b7374617475737c733a313a2231223b6c6f6761646f7c623a313b),
('82e1f232ca80a5fea4f91441daa5c411f9ebe58a', '127.0.0.1', 1443410822, 0x5f5f63695f6c6173745f726567656e65726174657c693a313434333431303533313b),
('8531047ee4f4d94e4cc0611254dabae6d10008af', '127.0.0.1', 1443376259, 0x5f5f63695f6c6173745f726567656e65726174657c693a313434333337363033313b7573756172696f7c733a313a2239223b73656e68617c733a31343a2266756e63696f6e6172696f2e3031223b7374617475737c733a313a2231223b7469706f7c733a313a2231223b6c6f6761646f7c623a313b),
('8cc902d9dc8273c1707f3d18fb76a465e75fd868', '127.0.0.1', 1443495802, 0x5f5f63695f6c6173745f726567656e65726174657c693a313434333439353531323b7573756172696f7c733a313a2239223b73656e68617c733a31343a2266756e63696f6e6172696f2e3031223b7374617475737c733a313a2231223b7469706f7c733a313a2231223b6c6f6761646f7c623a313b),
('8d1489b297e7c32e184254b45d4cbb134e6f87b5', '127.0.0.1', 1443145308, 0x5f5f63695f6c6173745f726567656e65726174657c693a313434333134353238393b7573756172696f7c733a313a2231223b73656e68617c733a353a2261646d696e223b7374617475737c733a313a2231223b6c6f6761646f7c623a313b),
('8febc12ea1a6725df9a57f6da10ec1db12f9524f', '127.0.0.1', 1443493909, 0x5f5f63695f6c6173745f726567656e65726174657c693a313434333439333633393b7573756172696f7c733a313a2239223b73656e68617c733a31343a2266756e63696f6e6172696f2e3031223b7374617475737c733a313a2231223b7469706f7c733a313a2231223b6c6f6761646f7c623a313b),
('919e5a50e9ddcdb6f642ab9c95344b58e4675c31', '127.0.0.1', 1443887977, 0x5f5f63695f6c6173745f726567656e65726174657c693a313434333838373737373b7573756172696f7c733a313a2239223b73656e68617c733a31343a2266756e63696f6e6172696f2e3031223b7374617475737c733a313a2231223b7469706f7c733a313a2231223b6c6f6761646f7c623a313b),
('95197128aeb85c1f30bfa4a2a1eb4c33f4917109', '127.0.0.1', 1443408160, 0x5f5f63695f6c6173745f726567656e65726174657c693a313434333430383135393b),
('96d95a457b2f5d187a4cb388009aef3b81db5c4f', '127.0.0.1', 1443143640, 0x5f5f63695f6c6173745f726567656e65726174657c693a313434333134333430313b7573756172696f7c733a313a2231223b73656e68617c733a353a2261646d696e223b7374617475737c733a313a2231223b6c6f6761646f7c623a313b),
('9705209b8d88fe06fa3cb5f7e7e5ab715b9b6367', '127.0.0.1', 1443577041, 0x5f5f63695f6c6173745f726567656e65726174657c693a313434333537363931333b7573756172696f7c733a313a2239223b73656e68617c733a31343a2266756e63696f6e6172696f2e3031223b7374617475737c733a313a2231223b7469706f7c733a313a2231223b6c6f6761646f7c623a313b),
('97173d28654e9213bc251932187e4d9f9b184e30', '127.0.0.1', 1443841610, 0x5f5f63695f6c6173745f726567656e65726174657c693a313434333834313631303b7573756172696f7c733a313a2239223b73656e68617c733a31343a2266756e63696f6e6172696f2e3031223b7374617475737c733a313a2231223b7469706f7c733a313a2231223b6c6f6761646f7c623a313b),
('97683e5549c13a3e9308c24f6d3c345b7f160614', '127.0.0.1', 1444074875, 0x5f5f63695f6c6173745f726567656e65726174657c693a313434343037343539383b7573756172696f7c733a313a2239223b73656e68617c733a31343a2266756e63696f6e6172696f2e3031223b7374617475737c733a313a2231223b7469706f7c733a313a2231223b6c6f6761646f7c623a313b),
('98370a3c09ff58043f6ec84970b3925e1cd181df', '127.0.0.1', 1444098090, 0x5f5f63695f6c6173745f726567656e65726174657c693a313434343039373936393b7573756172696f7c733a313a2239223b73656e68617c733a31343a2266756e63696f6e6172696f2e3031223b7374617475737c733a313a2231223b7469706f7c733a313a2231223b6c6f6761646f7c623a313b6f6b7c733a31393a224564697461646f20636f6d207375636573736f223b5f5f63695f766172737c613a313a7b733a323a226f6b223b733a333a226f6c64223b7d),
('9899874cdccad8db5bc34d3a87a9115ea56deb57', '127.0.0.1', 1444071227, 0x5f5f63695f6c6173745f726567656e65726174657c693a313434343037313134383b7573756172696f7c733a313a2239223b73656e68617c733a31343a2266756e63696f6e6172696f2e3031223b7374617475737c733a313a2231223b7469706f7c733a313a2231223b6c6f6761646f7c623a313b),
('98dd680e867f9b0c9ee0fd373c7a346d48e1db80', '127.0.0.1', 1444094613, 0x5f5f63695f6c6173745f726567656e65726174657c693a313434343039343630383b7573756172696f7c733a313a2239223b73656e68617c733a31343a2266756e63696f6e6172696f2e3031223b7374617475737c733a313a2231223b7469706f7c733a313a2231223b6c6f6761646f7c623a313b),
('98ee9f479073536086ef74456cf43bf24f178e46', '127.0.0.1', 1443203842, 0x5f5f63695f6c6173745f726567656e65726174657c693a313434333230333730353b7573756172696f7c733a323a223130223b73656e68617c733a31343a2266756e63696f6e6172696f2e3032223b7374617475737c733a313a2231223b6c6f6761646f7c623a313b),
('99b3e8378580ca0ed0a36fa9347d91edaa054c68', '127.0.0.1', 1443843388, 0x5f5f63695f6c6173745f726567656e65726174657c693a313434333834333330383b7573756172696f7c733a313a2239223b73656e68617c733a31343a2266756e63696f6e6172696f2e3031223b7374617475737c733a313a2231223b7469706f7c733a313a2231223b6c6f6761646f7c623a313b),
('9a22d860ffe61469c663b5c4662773410ffbaceb', '127.0.0.1', 1443200663, 0x5f5f63695f6c6173745f726567656e65726174657c693a313434333230303636323b),
('9aa5fcfc8c0bb84c64abf8f4a4331050d9732d47', '127.0.0.1', 1444071056, 0x5f5f63695f6c6173745f726567656e65726174657c693a313434343037303832303b7573756172696f7c733a313a2239223b73656e68617c733a31343a2266756e63696f6e6172696f2e3031223b7374617475737c733a313a2231223b7469706f7c733a313a2231223b6c6f6761646f7c623a313b),
('9b55b0026cd2a9831f3a17123ab977dc58599090', '127.0.0.1', 1443891918, 0x5f5f63695f6c6173745f726567656e65726174657c693a313434333839313836323b7573756172696f7c733a313a2239223b73656e68617c733a31343a2266756e63696f6e6172696f2e3031223b7374617475737c733a313a2231223b7469706f7c733a313a2231223b6c6f6761646f7c623a313b),
('9dd8b4ca5bde21819758c7fa1c238e0c81ef8fea', '127.0.0.1', 1443148543, 0x5f5f63695f6c6173745f726567656e65726174657c693a313434333134383236323b7573756172696f7c733a313a2231223b73656e68617c733a353a2261646d696e223b7374617475737c733a313a2231223b6c6f6761646f7c623a313b),
('a0c8e356c1cb368153de81511d994b788be09135', '127.0.0.1', 1443277795, 0x5f5f63695f6c6173745f726567656e65726174657c693a313434333237373631323b7573756172696f7c733a313a2239223b73656e68617c733a31343a2266756e63696f6e6172696f2e3031223b7374617475737c733a313a2231223b7469706f7c733a313a2231223b6c6f6761646f7c623a313b),
('a18c4ce5455763843da5460f062568d7620db141', '127.0.0.1', 1443128498, 0x5f5f63695f6c6173745f726567656e65726174657c693a313434333132383330373b7573756172696f7c733a313a2231223b73656e68617c733a353a2261646d696e223b7374617475737c733a313a2231223b6c6f6761646f7c623a313b),
('a21cb9961a58550f632ac5391ff2eb3a5e6adce9', '127.0.0.1', 1443495458, 0x5f5f63695f6c6173745f726567656e65726174657c693a313434333439353137373b7573756172696f7c733a313a2239223b73656e68617c733a31343a2266756e63696f6e6172696f2e3031223b7374617475737c733a313a2231223b7469706f7c733a313a2231223b6c6f6761646f7c623a313b),
('a2e212ad7ba0dbda0dd5d2fafb34d0ffef33c051', '127.0.0.1', 1444071630, 0x5f5f63695f6c6173745f726567656e65726174657c693a313434343037313533313b7573756172696f7c733a313a2239223b73656e68617c733a31343a2266756e63696f6e6172696f2e3031223b7374617475737c733a313a2231223b7469706f7c733a313a2231223b6c6f6761646f7c623a313b),
('a37b46eae867a6e31a0906e4adbb5c03f874fe95', '127.0.0.1', 1444076855, 0x5f5f63695f6c6173745f726567656e65726174657c693a313434343037363538363b7573756172696f7c733a313a2239223b73656e68617c733a31343a2266756e63696f6e6172696f2e3031223b7374617475737c733a313a2231223b7469706f7c733a313a2231223b6c6f6761646f7c623a313b),
('a4c33d7562633f3cd5d91b7c30fa3cbfcf24a7b0', '127.0.0.1', 1443633752, 0x5f5f63695f6c6173745f726567656e65726174657c693a313434333633333538343b7573756172696f7c733a313a2239223b73656e68617c733a31343a2266756e63696f6e6172696f2e3031223b7374617475737c733a313a2231223b7469706f7c733a313a2231223b6c6f6761646f7c623a313b),
('a59794ae8a0c7d8d0253d5b339aeba5b318a6699', '127.0.0.1', 1444070709, 0x5f5f63695f6c6173745f726567656e65726174657c693a313434343037303531383b7573756172696f7c733a313a2239223b73656e68617c733a31343a2266756e63696f6e6172696f2e3031223b7374617475737c733a313a2231223b7469706f7c733a313a2231223b6c6f6761646f7c623a313b),
('aaa14680df382091a605b32b9d79168f4ae39495', '127.0.0.1', 1444076123, 0x5f5f63695f6c6173745f726567656e65726174657c693a313434343037353832383b7573756172696f7c733a313a2239223b73656e68617c733a31343a2266756e63696f6e6172696f2e3031223b7374617475737c733a313a2231223b7469706f7c733a313a2231223b6c6f6761646f7c623a313b),
('ab39d18874d03411c6d9562ccadb03382e5b63a6', '127.0.0.1', 1443239724, 0x5f5f63695f6c6173745f726567656e65726174657c693a313434333233393432373b7573756172696f7c733a313a2239223b73656e68617c733a31343a2266756e63696f6e6172696f2e3031223b7374617475737c733a313a2231223b7469706f7c733a313a2231223b6c6f6761646f7c623a313b),
('ad255ee8e96ff6f40f7193ab6d2cffc5bd074c58', '127.0.0.1', 1443576446, 0x5f5f63695f6c6173745f726567656e65726174657c693a313434333537363432313b7573756172696f7c733a313a2239223b73656e68617c733a31343a2266756e63696f6e6172696f2e3031223b7374617475737c733a313a2231223b7469706f7c733a313a2231223b6c6f6761646f7c623a313b),
('af53f41f2dccbcad784defae7562a6672bb2e0b8', '127.0.0.1', 1443408981, 0x5f5f63695f6c6173745f726567656e65726174657c693a313434333430383836363b),
('b07502b6b683b076379d34d5463282edb20cff76', '127.0.0.1', 1443203650, 0x5f5f63695f6c6173745f726567656e65726174657c693a313434333230333335373b7573756172696f7c733a323a223130223b73656e68617c733a31343a2266756e63696f6e6172696f2e3032223b7374617475737c733a313a2231223b6c6f6761646f7c623a313b),
('b0bacc73dbdfa9eae2f97edcb26f9aa7d1a8bbab', '127.0.0.1', 1443128848, 0x5f5f63695f6c6173745f726567656e65726174657c693a313434333132383732303b7573756172696f7c733a313a2231223b73656e68617c733a353a2261646d696e223b7374617475737c733a313a2231223b6c6f6761646f7c623a313b),
('b0d37f21114f5f3b39cc4d4bea813df14d3a7288', '127.0.0.1', 1443201942, 0x5f5f63695f6c6173745f726567656e65726174657c693a313434333230313635353b7573756172696f7c733a313a2232223b73656e68617c733a373a226c657469636961223b7374617475737c733a313a2231223b6c6f6761646f7c623a313b),
('b40e099718715903ca18f94ee24197ba9b02efca', '127.0.0.1', 1443640780, 0x5f5f63695f6c6173745f726567656e65726174657c693a313434333634303439373b7573756172696f7c733a313a2239223b73656e68617c733a31343a2266756e63696f6e6172696f2e3031223b7374617475737c733a313a2231223b7469706f7c733a313a2231223b6c6f6761646f7c623a313b),
('b4407632dd76b17f44563a9f52c492c78ab247df', '127.0.0.1', 1443638496, 0x5f5f63695f6c6173745f726567656e65726174657c693a313434333633383439343b7573756172696f7c733a313a2239223b73656e68617c733a31343a2266756e63696f6e6172696f2e3031223b7374617475737c733a313a2231223b7469706f7c733a313a2231223b6c6f6761646f7c623a313b),
('b529e197fc37fb2f54e4908ea6c9e03ecacbddb1', '127.0.0.1', 1444076209, 0x5f5f63695f6c6173745f726567656e65726174657c693a313434343037363230393b7573756172696f7c733a313a2239223b73656e68617c733a31343a2266756e63696f6e6172696f2e3031223b7374617475737c733a313a2231223b7469706f7c733a313a2231223b6c6f6761646f7c623a313b),
('b86273673903f8ba505864d425f971f6e784aadc', '127.0.0.1', 1443377734, 0x5f5f63695f6c6173745f726567656e65726174657c693a313434333337373438343b7573756172696f7c733a313a2239223b73656e68617c733a31343a2266756e63696f6e6172696f2e3031223b7374617475737c733a313a2231223b7469706f7c733a313a2231223b6c6f6761646f7c623a313b),
('b99037ef397cf4677d695c53c4d8f40756592f0c', '127.0.0.1', 1443240910, 0x5f5f63695f6c6173745f726567656e65726174657c693a313434333234303930383b7573756172696f7c733a313a2239223b73656e68617c733a31343a2266756e63696f6e6172696f2e3031223b7374617475737c733a313a2231223b7469706f7c733a313a2231223b6c6f6761646f7c623a313b),
('b9c7b47b942f2049fddff4c6d77276e434867c02', '127.0.0.1', 1443407406, 0x5f5f63695f6c6173745f726567656e65726174657c693a313434333430373236393b),
('ba358e52dff1f198929fb8b8cbc8d65140fd5fe7', '127.0.0.1', 1443634526, 0x5f5f63695f6c6173745f726567656e65726174657c693a313434333633343337383b7573756172696f7c733a313a2239223b73656e68617c733a31343a2266756e63696f6e6172696f2e3031223b7374617475737c733a313a2231223b7469706f7c733a313a2231223b6c6f6761646f7c623a313b),
('ba6eac7d4e0176ac1bacb6687d8ee760d500ec30', '127.0.0.1', 1443537904, 0x5f5f63695f6c6173745f726567656e65726174657c693a313434333533373636303b7573756172696f7c733a313a2239223b73656e68617c733a31343a2266756e63696f6e6172696f2e3031223b7374617475737c733a313a2231223b7469706f7c733a313a2231223b6c6f6761646f7c623a313b),
('bb0f9d2a05200c05fc44b84152e64311cba42e6c', '127.0.0.1', 1443377047, 0x5f5f63695f6c6173745f726567656e65726174657c693a313434333337363834323b7573756172696f7c733a313a2239223b73656e68617c733a31343a2266756e63696f6e6172696f2e3031223b7374617475737c733a313a2231223b7469706f7c733a313a2231223b6c6f6761646f7c623a313b),
('bb967270d17e7d769d9a918bd0ea7920d8d0a33a', '127.0.0.1', 1443491288, 0x5f5f63695f6c6173745f726567656e65726174657c693a313434333439313237393b7573756172696f7c733a313a2239223b73656e68617c733a31343a2266756e63696f6e6172696f2e3031223b7374617475737c733a313a2231223b7469706f7c733a313a2231223b6c6f6761646f7c623a313b),
('bbf1703585c0ada8bbe6e66e8b9484b8395f21da', '127.0.0.1', 1443242012, 0x5f5f63695f6c6173745f726567656e65726174657c693a313434333234313836323b7573756172696f7c733a313a2239223b73656e68617c733a31343a2266756e63696f6e6172696f2e3031223b7374617475737c733a313a2231223b7469706f7c733a313a2231223b6c6f6761646f7c623a313b),
('bf18ddd04af722999c897338a62a1380c39a6594', '127.0.0.1', 1443280363, 0x5f5f63695f6c6173745f726567656e65726174657c693a313434333238303139393b7573756172696f7c733a313a2239223b73656e68617c733a31343a2266756e63696f6e6172696f2e3031223b7374617475737c733a313a2231223b7469706f7c733a313a2231223b6c6f6761646f7c623a313b6572726f7c733a31313a224855456855484555484555223b5f5f63695f766172737c613a313a7b733a343a226572726f223b733a333a226f6c64223b7d),
('c09d6fa68b82339619f544e44e318ce4516dd64d', '127.0.0.1', 1443240021, 0x5f5f63695f6c6173745f726567656e65726174657c693a313434333233393733373b7573756172696f7c733a313a2239223b73656e68617c733a31343a2266756e63696f6e6172696f2e3031223b7374617475737c733a313a2231223b7469706f7c733a313a2231223b6c6f6761646f7c623a313b),
('c123bca02f04538c575dcaa95c4fd929eeb38ab4', '127.0.0.1', 1443277842, 0x5f5f63695f6c6173745f726567656e65726174657c693a313434333237373831303b7573756172696f7c733a313a2239223b73656e68617c733a31343a2266756e63696f6e6172696f2e3031223b7374617475737c733a313a2231223b7469706f7c733a313a2231223b6c6f6761646f7c623a313b),
('c1685876f4c92ab1b84f1ac89dacdae62a187ddb', '127.0.0.1', 1443279518, 0x5f5f63695f6c6173745f726567656e65726174657c693a313434333237393232333b7573756172696f7c733a313a2239223b73656e68617c733a31343a2266756e63696f6e6172696f2e3031223b7374617475737c733a313a2231223b7469706f7c733a313a2231223b6c6f6761646f7c623a313b),
('c1c5c9a5518a4b5c581d6df74641297eec6c81cb', '127.0.0.1', 1444070377, 0x5f5f63695f6c6173745f726567656e65726174657c693a313434343037303137333b7573756172696f7c733a313a2239223b73656e68617c733a31343a2266756e63696f6e6172696f2e3031223b7374617475737c733a313a2231223b7469706f7c733a313a2231223b6c6f6761646f7c623a313b),
('c8068553fbc9ae532faaf1d4989d037960da8ecc', '127.0.0.1', 1443295580, 0x5f5f63695f6c6173745f726567656e65726174657c693a313434333239353332373b7573756172696f7c733a313a2239223b73656e68617c733a31343a2266756e63696f6e6172696f2e3031223b7374617475737c733a313a2231223b7469706f7c733a313a2231223b6c6f6761646f7c623a313b),
('c8312bbe7ae69a34e9220106abe1a6cdb330f278', '127.0.0.1', 1443279745, 0x5f5f63695f6c6173745f726567656e65726174657c693a313434333237393534303b7573756172696f7c733a313a2239223b73656e68617c733a31343a2266756e63696f6e6172696f2e3031223b7374617475737c733a313a2231223b7469706f7c733a313a2231223b6c6f6761646f7c623a313b),
('c8d4e7b97695e876f52faafa5d95f01b8a165d36', '127.0.0.1', 1444093041, 0x5f5f63695f6c6173745f726567656e65726174657c693a313434343039323833303b7573756172696f7c733a313a2239223b73656e68617c733a31343a2266756e63696f6e6172696f2e3031223b7374617475737c733a313a2231223b7469706f7c733a313a2231223b6c6f6761646f7c623a313b),
('ceca6bb5303fdc5daf5cb926a9ea975b7824f874', '127.0.0.1', 1443236943, 0x5f5f63695f6c6173745f726567656e65726174657c693a313434333233363639373b7573756172696f7c733a313a2239223b73656e68617c733a31343a2266756e63696f6e6172696f2e3031223b7374617475737c733a313a2231223b6c6f6761646f7c623a313b),
('d48481c5af30e2c6a2a6c3c3d6cc6c3727b0eb34', '127.0.0.1', 1443292794, 0x5f5f63695f6c6173745f726567656e65726174657c693a313434333239323535323b7573756172696f7c733a313a2239223b73656e68617c733a31343a2266756e63696f6e6172696f2e3031223b7374617475737c733a313a2231223b7469706f7c733a313a2231223b6c6f6761646f7c623a313b),
('d6222ff4e39dd33d8a4a496cf06756eb606eb080', '127.0.0.1', 1444095563, 0x5f5f63695f6c6173745f726567656e65726174657c693a313434343039353332343b7573756172696f7c733a313a2239223b73656e68617c733a31343a2266756e63696f6e6172696f2e3031223b7374617475737c733a313a2231223b7469706f7c733a313a2231223b6c6f6761646f7c623a313b),
('d75c302de61d1a547849a63116a1db2636838b6f', '127.0.0.1', 1443149751, 0x5f5f63695f6c6173745f726567656e65726174657c693a313434333134393435343b7573756172696f7c733a313a2231223b73656e68617c733a353a2261646d696e223b7374617475737c733a313a2231223b6c6f6761646f7c623a313b),
('d891bfa3a44cf854aa3e109ae0801d04d5daad56', '127.0.0.1', 1443407860, 0x5f5f63695f6c6173745f726567656e65726174657c693a313434333430373636383b),
('d8c27987075af94fea0f4843f7fe37db7f2bb2fd', '127.0.0.1', 1443285712, 0x5f5f63695f6c6173745f726567656e65726174657c693a313434333238353435353b7573756172696f7c733a313a2239223b73656e68617c733a31343a2266756e63696f6e6172696f2e3031223b7374617475737c733a313a2231223b7469706f7c733a313a2231223b6c6f6761646f7c623a313b),
('d8f38a10a1de903de599f27fa44add5c79f368ad', '127.0.0.1', 1443577971, 0x5f5f63695f6c6173745f726567656e65726174657c693a313434333537373637313b7573756172696f7c733a313a2239223b73656e68617c733a31343a2266756e63696f6e6172696f2e3031223b7374617475737c733a313a2231223b7469706f7c733a313a2231223b6c6f6761646f7c623a313b6572726f7c733a34393a224ec3a36f20c3a920706f7373c3ad76656c2074726f636172206f2073746174757320646573746520757375c3a172696f21223b5f5f63695f766172737c613a313a7b733a343a226572726f223b733a333a226f6c64223b7d),
('da1f2135a1ff7d91d2be623bf12ca09c19145bdc', '127.0.0.1', 1443281352, 0x5f5f63695f6c6173745f726567656e65726174657c693a313434333238313136363b7573756172696f7c733a313a2239223b73656e68617c733a31343a2266756e63696f6e6172696f2e3031223b7374617475737c733a313a2231223b7469706f7c733a313a2231223b6c6f6761646f7c623a313b),
('da31ed1b31f0e7929831793233ea880f2508b439', '127.0.0.1', 1443890489, 0x5f5f63695f6c6173745f726567656e65726174657c693a313434333839303232313b7573756172696f7c733a313a2239223b73656e68617c733a31343a2266756e63696f6e6172696f2e3031223b7374617475737c733a313a2231223b7469706f7c733a313a2231223b6c6f6761646f7c623a313b),
('da5ac58ea44aa92de489472af1fd9ff58d4f87c9', '127.0.0.1', 1443150532, 0x5f5f63695f6c6173745f726567656e65726174657c693a313434333135303532303b7573756172696f7c733a313a2232223b73656e68617c733a373a226c657469636961223b7374617475737c733a313a2231223b6c6f6761646f7c623a313b),
('daf182756d39a9611aa31b7c3312139324d70f7a', '127.0.0.1', 1443406645, 0x5f5f63695f6c6173745f726567656e65726174657c693a313434333430363634343b),
('dcb01bbe41bbf02137e7ae4bc35a620c682ea3d9', '127.0.0.1', 1443808376, 0x5f5f63695f6c6173745f726567656e65726174657c693a313434333830383233363b7573756172696f7c733a313a2239223b73656e68617c733a31343a2266756e63696f6e6172696f2e3031223b7374617475737c733a313a2231223b7469706f7c733a313a2231223b6c6f6761646f7c623a313b),
('dcbcc022b0ecc6d0f03286d1edb5f1a296a72bba', '127.0.0.1', 1444096609, 0x5f5f63695f6c6173745f726567656e65726174657c693a313434343039363533333b7573756172696f7c733a313a2239223b73656e68617c733a31343a2266756e63696f6e6172696f2e3031223b7374617475737c733a313a2231223b7469706f7c733a313a2231223b6c6f6761646f7c623a313b),
('e129e68207ba388e8d446e4b044561f30c781410', '127.0.0.1', 1443493209, 0x5f5f63695f6c6173745f726567656e65726174657c693a313434333439323938363b7573756172696f7c733a313a2239223b73656e68617c733a31343a2266756e63696f6e6172696f2e3031223b7374617475737c733a313a2231223b7469706f7c733a313a2231223b6c6f6761646f7c623a313b),
('e1ef73be6b533fecaa4e0d860a42a26f312edbe9', '127.0.0.1', 1443241414, 0x5f5f63695f6c6173745f726567656e65726174657c693a313434333234313431343b7573756172696f7c733a313a2239223b73656e68617c733a31343a2266756e63696f6e6172696f2e3031223b7374617475737c733a313a2231223b7469706f7c733a313a2231223b6c6f6761646f7c623a313b),
('e7a3e5b7fbb6d1035a82a4c01276b8baf6ea01f8', '127.0.0.1', 1443146503, 0x5f5f63695f6c6173745f726567656e65726174657c693a313434333134363230373b7573756172696f7c733a313a2231223b73656e68617c733a353a2261646d696e223b7374617475737c733a313a2231223b6c6f6761646f7c623a313b),
('e9d52af1bb02613d8484c667c68ef5e425192f14', '127.0.0.1', 1443375998, 0x5f5f63695f6c6173745f726567656e65726174657c693a313434333337353730363b7573756172696f7c733a313a2239223b73656e68617c733a31343a2266756e63696f6e6172696f2e3031223b7374617475737c733a313a2231223b7469706f7c733a313a2231223b6c6f6761646f7c623a313b),
('ee95364601b6a24eacce4e8b3d5cc9b5e53b82e8', '127.0.0.1', 1443285294, 0x5f5f63695f6c6173745f726567656e65726174657c693a313434333238353034363b7573756172696f7c733a313a2239223b73656e68617c733a31343a2266756e63696f6e6172696f2e3031223b7374617475737c733a313a2231223b7469706f7c733a313a2231223b6c6f6761646f7c623a313b),
('f062de6bd686774d6bdb7ecb97133fac40cfeea5', '127.0.0.1', 1443238991, 0x5f5f63695f6c6173745f726567656e65726174657c693a313434333233383939313b7573756172696f7c733a313a2239223b73656e68617c733a31343a2266756e63696f6e6172696f2e3031223b7374617475737c733a313a2231223b6c6f6761646f7c623a313b),
('f11affbd56d0224e81c573f16a1ffd05107db6a8', '127.0.0.1', 1443201141, 0x5f5f63695f6c6173745f726567656e65726174657c693a313434333230303834313b7573756172696f7c733a313a2232223b73656e68617c733a373a226c657469636961223b7374617475737c733a313a2231223b6c6f6761646f7c623a313b),
('f17056ad80fc503a0c4499f0043dfbdd402dd521', '127.0.0.1', 1443146726, 0x5f5f63695f6c6173745f726567656e65726174657c693a313434333134363531343b7573756172696f7c733a313a2231223b73656e68617c733a353a2261646d696e223b7374617475737c733a313a2231223b6c6f6761646f7c623a313b),
('f1b92411714e3839eef9d5184c35ca5f5a8bf7a7', '127.0.0.1', 1443144723, 0x5f5f63695f6c6173745f726567656e65726174657c693a313434333134343637303b7573756172696f7c733a313a2231223b73656e68617c733a353a2261646d696e223b7374617475737c733a313a2231223b6c6f6761646f7c623a313b);
INSERT INTO `ci_sessions` (`id`, `ip_address`, `timestamp`, `data`) VALUES
('f630c8454c0965e1f0bb8b06a69e736c5f7abaab', '127.0.0.1', 1444095263, 0x5f5f63695f6c6173745f726567656e65726174657c693a313434343039353032313b7573756172696f7c733a313a2239223b73656e68617c733a31343a2266756e63696f6e6172696f2e3031223b7374617475737c733a313a2231223b7469706f7c733a313a2231223b6c6f6761646f7c623a313b),
('f695e5404977653e590373d4a8a87d5e5c25e07a', '127.0.0.1', 1443374904, 0x5f5f63695f6c6173745f726567656e65726174657c693a313434333337343930333b7573756172696f7c733a313a2239223b73656e68617c733a31343a2266756e63696f6e6172696f2e3031223b7374617475737c733a313a2231223b7469706f7c733a313a2231223b6c6f6761646f7c623a313b),
('f78cb8ac0c5fa903adf02b6433c57127f15cd3f3', '127.0.0.1', 1443128502, 0x5f5f63695f6c6173745f726567656e65726174657c693a313434333132383530323b),
('f7b98517ce1805ce3236e0cf2e55fe7bcca79999', '127.0.0.1', 1444069775, 0x5f5f63695f6c6173745f726567656e65726174657c693a313434343036393532303b7573756172696f7c733a313a2239223b73656e68617c733a31343a2266756e63696f6e6172696f2e3031223b7374617475737c733a313a2231223b7469706f7c733a313a2231223b6c6f6761646f7c623a313b),
('fa3f3f6093f2b0571a45c866b710370ff2acdcf8', '127.0.0.1', 1443639792, 0x5f5f63695f6c6173745f726567656e65726174657c693a313434333633393439343b7573756172696f7c733a313a2239223b73656e68617c733a31343a2266756e63696f6e6172696f2e3031223b7374617475737c733a313a2231223b7469706f7c733a313a2231223b6c6f6761646f7c623a313b),
('fac71c67517eb2154677df38d80e1ad91ba34a40', '127.0.0.1', 1444075658, 0x5f5f63695f6c6173745f726567656e65726174657c693a313434343037353335383b7573756172696f7c733a313a2239223b73656e68617c733a31343a2266756e63696f6e6172696f2e3031223b7374617475737c733a313a2231223b7469706f7c733a313a2231223b6c6f6761646f7c623a313b),
('fb4c45c5bc1da0349982bf09d7357a8854ac89a1', '127.0.0.1', 1443374398, 0x5f5f63695f6c6173745f726567656e65726174657c693a313434333337343336373b7573756172696f7c733a313a2239223b73656e68617c733a31343a2266756e63696f6e6172696f2e3031223b7374617475737c733a313a2231223b7469706f7c733a313a2231223b6c6f6761646f7c623a313b),
('fb81113b078e9bd828fa548fcdb7c8cf653aa8e6', '127.0.0.1', 1443633488, 0x5f5f63695f6c6173745f726567656e65726174657c693a313434333633333237353b7573756172696f7c733a313a2239223b73656e68617c733a31343a2266756e63696f6e6172696f2e3031223b7374617475737c733a313a2231223b7469706f7c733a313a2231223b6c6f6761646f7c623a313b),
('febb7846700cb14ee3318b8e5494a14c0e1d7bd4', '127.0.0.1', 1444070086, 0x5f5f63695f6c6173745f726567656e65726174657c693a313434343036393834363b7573756172696f7c733a313a2239223b73656e68617c733a31343a2266756e63696f6e6172696f2e3031223b7374617475737c733a313a2231223b7469706f7c733a313a2231223b6c6f6761646f7c623a313b),
('ffabd34ce09e46a607fe46af6dfe3f54b40a14d8', '127.0.0.1', 1443840864, 0x5f5f63695f6c6173745f726567656e65726174657c693a313434333834303539323b7573756172696f7c733a313a2239223b73656e68617c733a31343a2266756e63696f6e6172696f2e3031223b7374617475737c733a313a2231223b7469706f7c733a313a2231223b6c6f6761646f7c623a313b);

-- --------------------------------------------------------

--
-- Table structure for table `tbl_empresa`
--

CREATE TABLE IF NOT EXISTS `tbl_empresa` (
  `emp_cnpj` varchar(18) NOT NULL,
  `emp_ie` varchar(11) NOT NULL,
  `emp_nomeFantasia` varchar(50) NOT NULL,
  `emp_razaoSocial` varchar(100) DEFAULT NULL
) ENGINE=InnoDB DEFAULT CHARSET=latin1;

--
-- Dumping data for table `tbl_empresa`
--

INSERT INTO `tbl_empresa` (`emp_cnpj`, `emp_ie`, `emp_nomeFantasia`, `emp_razaoSocial`) VALUES
('09.876.543/2109-88', '87609345-32', 'Motorola', 'Motorola Inc.'),
('22.222.222/2222-22', '22222222-22', 'Multilaser', 'Multilaser S. A.'),
('33.333.333/3333-33', '11111111-11', 'Dell', 'Dell S.A.'),
('44.444.444/4444-44', '44444444-44', 'IBM', 'IBM S. A.'),
('71.702.716/0010-70', '90505348-52', 'Google', 'Google inc.'),
('72.702.716/0010-70', '99999999-99', 'Officer Distribuidora', 'Officer S. A.');

-- --------------------------------------------------------

--
-- Table structure for table `tbl_grupoUsuario`
--

CREATE TABLE IF NOT EXISTS `tbl_grupoUsuario` (
`gru_id` int(2) NOT NULL,
  `gru_tipo` varchar(13) DEFAULT NULL
) ENGINE=InnoDB  DEFAULT CHARSET=latin1 AUTO_INCREMENT=3 ;

--
-- Dumping data for table `tbl_grupoUsuario`
--

INSERT INTO `tbl_grupoUsuario` (`gru_id`, `gru_tipo`) VALUES
(1, 'Administrador'),
(2, 'Comum');

-- --------------------------------------------------------

--
-- Table structure for table `tbl_item`
--

CREATE TABLE IF NOT EXISTS `tbl_item` (
`itm_id` int(7) NOT NULL,
  `itm_idNTF` int(7) NOT NULL,
  `itm_cnpjNTF` varchar(18) NOT NULL,
  `itm_tipoMDA` int(3) NOT NULL,
  `itm_quantidade` varchar(10) DEFAULT NULL,
  `itm_data` varchar(10) DEFAULT NULL
) ENGINE=InnoDB DEFAULT CHARSET=latin1 AUTO_INCREMENT=1 ;

-- --------------------------------------------------------

--
-- Table structure for table `tbl_local`
--

CREATE TABLE IF NOT EXISTS `tbl_local` (
`loc_id` int(10) NOT NULL,
  `loc_nome` varchar(50) NOT NULL,
  `loc_pavimento` varchar(20) NOT NULL,
  `loc_status` tinyint(1) NOT NULL
) ENGINE=InnoDB  DEFAULT CHARSET=latin1 AUTO_INCREMENT=84 ;

--
-- Dumping data for table `tbl_local`
--

INSERT INTO `tbl_local` (`loc_id`, `loc_nome`, `loc_pavimento`, `loc_status`) VALUES
(80, 'Diretoria De Servio', 'Primeiro', 1),
(81, 'Setor De Estgio', 'Segundo', 1),
(82, 'Sala Dos Professores', 'Segundo', 1),
(83, 'Biblioteca', 'Terceiro', 1);

-- --------------------------------------------------------

--
-- Table structure for table `tbl_medida`
--

CREATE TABLE IF NOT EXISTS `tbl_medida` (
`mda_id` int(3) NOT NULL,
  `mdn_nome` varchar(20) NOT NULL
) ENGINE=InnoDB  DEFAULT CHARSET=latin1 AUTO_INCREMENT=3 ;

--
-- Dumping data for table `tbl_medida`
--

INSERT INTO `tbl_medida` (`mda_id`, `mdn_nome`) VALUES
(1, 'Unidade'),
(2, 'Metros');

-- --------------------------------------------------------

--
-- Table structure for table `tbl_notaFiscal`
--

CREATE TABLE IF NOT EXISTS `tbl_notaFiscal` (
`ntf_id` int(7) NOT NULL,
  `ntf_cnpjEmp` varchar(18) NOT NULL,
  `ntf_numNota` varchar(12) NOT NULL,
  `ntf_serie` int(2) NOT NULL,
  `ntf_naturezaOpe` varchar(100) DEFAULT NULL,
  `ntf_total` varchar(12) NOT NULL,
  `ntf_dataEmissao` varchar(10) NOT NULL,
  `ntf_dataVencimento` varchar(10) NOT NULL
) ENGINE=InnoDB  DEFAULT CHARSET=latin1 AUTO_INCREMENT=4 ;

--
-- Dumping data for table `tbl_notaFiscal`
--

INSERT INTO `tbl_notaFiscal` (`ntf_id`, `ntf_cnpjEmp`, `ntf_numNota`, `ntf_serie`, `ntf_naturezaOpe`, `ntf_total`, `ntf_dataEmissao`, `ntf_dataVencimento`) VALUES
(3, '71.702.716/0010-70', '000190535/1', 2, 'Venda de mercadoria adq., para no contribuinte.', '10.108,10', '26/03/2014', '23/04/2014');

-- --------------------------------------------------------

--
-- Table structure for table `tbl_produto`
--

CREATE TABLE IF NOT EXISTS `tbl_produto` (
`pro_id` int(7) NOT NULL,
  `pro_marca` varchar(50) NOT NULL,
  `pro_cor` varchar(20) DEFAULT NULL,
  `pro_descricao` varchar(330) NOT NULL,
  `pro_idTipo` int(3) NOT NULL
) ENGINE=InnoDB  DEFAULT CHARSET=latin1 AUTO_INCREMENT=7 ;

--
-- Dumping data for table `tbl_produto`
--

INSERT INTO `tbl_produto` (`pro_id`, `pro_marca`, `pro_cor`, `pro_descricao`, `pro_idTipo`) VALUES
(1, 'Mobille Magno M. S. Silva', 'Gelo', 'Em Mdf; medindo 65 x 60 x 40 cm', 1),
(3, 'LG', 'Prata', '1224 x 768.', 6),
(4, 'Dell', 'gelo', '2 gb ram', 8),
(5, 'Samsung', '', '2 gb ram', 9),
(6, 'Dell', 'Preto', 'Mouse com trs botes.', 5);

-- --------------------------------------------------------

--
-- Table structure for table `tbl_tipo`
--

CREATE TABLE IF NOT EXISTS `tbl_tipo` (
`tip_id` int(3) NOT NULL,
  `tip_nome` varchar(50) NOT NULL
) ENGINE=InnoDB  DEFAULT CHARSET=latin1 AUTO_INCREMENT=10 ;

--
-- Dumping data for table `tbl_tipo`
--

INSERT INTO `tbl_tipo` (`tip_id`, `tip_nome`) VALUES
(1, 'Armrio'),
(2, 'Armrio de ao'),
(3, 'Porta de madeira'),
(4, 'Teclado'),
(5, 'Mouse'),
(6, 'Monitor'),
(7, 'Lousa'),
(8, 'Computador'),
(9, 'Celular');

-- --------------------------------------------------------

--
-- Table structure for table `tbl_usuario`
--

CREATE TABLE IF NOT EXISTS `tbl_usuario` (
`usu_id` int(2) NOT NULL,
  `usu_usuario` varchar(20) NOT NULL,
  `usu_senha` varchar(50) NOT NULL,
  `usu_status` int(1) NOT NULL,
  `usu_idGru` int(2) NOT NULL
) ENGINE=InnoDB  DEFAULT CHARSET=latin1 AUTO_INCREMENT=15 ;

--
-- Dumping data for table `tbl_usuario`
--

INSERT INTO `tbl_usuario` (`usu_id`, `usu_usuario`, `usu_senha`, `usu_status`, `usu_idGru`) VALUES
(9, 'funcionario.01', 'b0baee9d279d34fa1dfd71aadb908c3f', 1, 1),
(10, 'funcionario.02', '287c7581d9833698535a202d8b0995f0', 1, 2),
(12, 'funcionario.03', '287c7581d9833698535a202d8b0995f0', 1, 1),
(13, 'funcionario.04', '01cfcd4f6b8770febfb40cb906715822', 1, 1),
(14, 'funcionario.05', '827ccb0eea8a706c4c34a16891f84e7b', 1, 1);

--
-- Indexes for dumped tables
--

--
-- Indexes for table `ci_sessions`
--
ALTER TABLE `ci_sessions`
 ADD PRIMARY KEY (`id`), ADD KEY `ci_sessions_timestamp` (`timestamp`);

--
-- Indexes for table `tbl_empresa`
--
ALTER TABLE `tbl_empresa`
 ADD PRIMARY KEY (`emp_cnpj`);

--
-- Indexes for table `tbl_grupoUsuario`
--
ALTER TABLE `tbl_grupoUsuario`
 ADD PRIMARY KEY (`gru_id`);

--
-- Indexes for table `tbl_item`
--
ALTER TABLE `tbl_item`
 ADD PRIMARY KEY (`itm_id`,`itm_idNTF`,`itm_cnpjNTF`), ADD KEY `itm_idNTF` (`itm_idNTF`), ADD KEY `itm_cnpjNTF` (`itm_cnpjNTF`), ADD KEY `itm_tipoMDA` (`itm_tipoMDA`);

--
-- Indexes for table `tbl_local`
--
ALTER TABLE `tbl_local`
 ADD PRIMARY KEY (`loc_id`);

--
-- Indexes for table `tbl_medida`
--
ALTER TABLE `tbl_medida`
 ADD PRIMARY KEY (`mda_id`);

--
-- Indexes for table `tbl_notaFiscal`
--
ALTER TABLE `tbl_notaFiscal`
 ADD PRIMARY KEY (`ntf_id`,`ntf_cnpjEmp`), ADD KEY `ntf_cnpjEmp` (`ntf_cnpjEmp`);

--
-- Indexes for table `tbl_produto`
--
ALTER TABLE `tbl_produto`
 ADD PRIMARY KEY (`pro_id`), ADD KEY `pro_idTipo` (`pro_idTipo`);

--
-- Indexes for table `tbl_tipo`
--
ALTER TABLE `tbl_tipo`
 ADD PRIMARY KEY (`tip_id`);

--
-- Indexes for table `tbl_usuario`
--
ALTER TABLE `tbl_usuario`
 ADD PRIMARY KEY (`usu_id`), ADD KEY `tbl` (`usu_idGru`);

--
-- AUTO_INCREMENT for dumped tables
--

--
-- AUTO_INCREMENT for table `tbl_grupoUsuario`
--
ALTER TABLE `tbl_grupoUsuario`
MODIFY `gru_id` int(2) NOT NULL AUTO_INCREMENT,AUTO_INCREMENT=3;
--
-- AUTO_INCREMENT for table `tbl_item`
--
ALTER TABLE `tbl_item`
MODIFY `itm_id` int(7) NOT NULL AUTO_INCREMENT;
--
-- AUTO_INCREMENT for table `tbl_local`
--
ALTER TABLE `tbl_local`
MODIFY `loc_id` int(10) NOT NULL AUTO_INCREMENT,AUTO_INCREMENT=84;
--
-- AUTO_INCREMENT for table `tbl_medida`
--
ALTER TABLE `tbl_medida`
MODIFY `mda_id` int(3) NOT NULL AUTO_INCREMENT,AUTO_INCREMENT=3;
--
-- AUTO_INCREMENT for table `tbl_notaFiscal`
--
ALTER TABLE `tbl_notaFiscal`
MODIFY `ntf_id` int(7) NOT NULL AUTO_INCREMENT,AUTO_INCREMENT=4;
--
-- AUTO_INCREMENT for table `tbl_produto`
--
ALTER TABLE `tbl_produto`
MODIFY `pro_id` int(7) NOT NULL AUTO_INCREMENT,AUTO_INCREMENT=7;
--
-- AUTO_INCREMENT for table `tbl_tipo`
--
ALTER TABLE `tbl_tipo`
MODIFY `tip_id` int(3) NOT NULL AUTO_INCREMENT,AUTO_INCREMENT=10;
--
-- AUTO_INCREMENT for table `tbl_usuario`
--
ALTER TABLE `tbl_usuario`
MODIFY `usu_id` int(2) NOT NULL AUTO_INCREMENT,AUTO_INCREMENT=15;
--
-- Constraints for dumped tables
--

--
-- Constraints for table `tbl_item`
--
ALTER TABLE `tbl_item`
ADD CONSTRAINT `tbl_item_ibfk_1` FOREIGN KEY (`itm_idNTF`) REFERENCES `tbl_notaFiscal` (`ntf_id`),
ADD CONSTRAINT `tbl_item_ibfk_2` FOREIGN KEY (`itm_cnpjNTF`) REFERENCES `tbl_notaFiscal` (`ntf_cnpjEmp`),
ADD CONSTRAINT `tbl_item_ibfk_3` FOREIGN KEY (`itm_tipoMDA`) REFERENCES `tbl_medida` (`mda_id`);

--
-- Constraints for table `tbl_notaFiscal`
--
ALTER TABLE `tbl_notaFiscal`
ADD CONSTRAINT `tbl_notaFiscal_ibfk_1` FOREIGN KEY (`ntf_cnpjEmp`) REFERENCES `tbl_empresa` (`emp_cnpj`);

--
-- Constraints for table `tbl_produto`
--
ALTER TABLE `tbl_produto`
ADD CONSTRAINT `tbl_produto_ibfk_1` FOREIGN KEY (`pro_idTipo`) REFERENCES `tbl_tipo` (`tip_id`);

--
-- Constraints for table `tbl_usuario`
--
ALTER TABLE `tbl_usuario`
ADD CONSTRAINT `tbl_usuario_ibfk_1` FOREIGN KEY (`usu_idGru`) REFERENCES `tbl_grupoUsuario` (`gru_id`);

/*!40101 SET CHARACTER_SET_CLIENT=@OLD_CHARACTER_SET_CLIENT */;
/*!40101 SET CHARACTER_SET_RESULTS=@OLD_CHARACTER_SET_RESULTS */;
/*!40101 SET COLLATION_CONNECTION=@OLD_COLLATION_CONNECTION */;
